ext_tot,agr_tot,con_tot,neg_tot,ope_tot,health_tot,work_tot,gpa,age,gender
NA,NA,NA,NA,NA,3.3076923076923075,2.8823529411764706,NA,25,Woman
3,2.8333333333333335,3.25,2.25,2.8333333333333335,3.923076923076923,3.823529411764706,3.52,25,Woman
3.6666666666666665,3.5,3.75,3.0833333333333335,3.1666666666666665,3.076923076923077,2.588235294117647,3.89,21,Woman
3.3333333333333335,3.4166666666666665,3.3333333333333335,2.5833333333333335,3.3333333333333335,3.3461538461538463,NA,3.8,20,Woman
NA,NA,NA,NA,NA,3.6923076923076925,3.6470588235294117,2.9,23,Woman
3.3333333333333335,4.166666666666667,3.5833333333333335,2.9166666666666665,4.166666666666667,3.8461538461538463,3.588235294117647,4,21,Nobinary or genderqueer
3.3333333333333335,3.6666666666666665,2.75,3.3333333333333335,3,3.730769230769231,4.411764705882353,3.4,20,Woman
NA,NA,NA,NA,NA,3.576923076923077,2.3529411764705883,3.1,19,Man
NA,NA,NA,NA,NA,3.576923076923077,3.5294117647058822,3.5,23,Woman
3.25,3.9166666666666665,3.4166666666666665,2.9166666666666665,3.5,3.576923076923077,4.117647058823529,3.3,18,Woman
NA,NA,NA,NA,NA,3.230769230769231,2.9411764705882355,4,18,Woman
NA,NA,NA,NA,NA,3.423076923076923,3.588235294117647,3.75,19,Woman
2.25,4.25,4.25,3.6666666666666665,3.6666666666666665,3.8461538461538463,2.411764705882353,3.81,19,Woman
3.3333333333333335,4.333333333333333,4.25,2.5,4.75,3.1923076923076925,3.9411764705882355,3.59,19,Woman
NA,NA,NA,NA,NA,3.6153846153846154,3.8823529411764706,3.8,19,Woman
3.8333333333333335,3.9166666666666665,4.25,2.25,4.25,4.384615384615385,3.6470588235294117,4,18,Woman
NA,NA,NA,NA,NA,3.730769230769231,4.0588235294117645,3.9,19,Man
4,4.333333333333333,4.416666666666667,2.4166666666666665,3.6666666666666665,3.8846153846153846,4.411764705882353,3.9,18,Woman
NA,NA,NA,NA,NA,3.3076923076923075,3.764705882352941,3.78,31,Woman
3.25,3.6666666666666665,3.4166666666666665,1.6666666666666667,3.0833333333333335,3.6153846153846154,3.2941176470588234,4,20,Woman
NA,NA,NA,NA,NA,3.6923076923076925,3.6470588235294117,4,20,Woman
NA,NA,NA,NA,NA,2.769230769230769,2.7058823529411766,3.89,18,Woman
NA,NA,NA,NA,NA,2.8461538461538463,3.176470588235294,3.98,19,Woman
NA,NA,NA,NA,NA,4.038461538461538,2.235294117647059,3.6,22,Woman
NA,NA,NA,NA,NA,4.384615384615385,4.294117647058823,3.1,23,Woman
NA,NA,NA,NA,NA,3.8076923076923075,4,3.66,19,Woman
3.0833333333333335,2.6666666666666665,3.8333333333333335,1.75,3.0833333333333335,3.230769230769231,3.764705882352941,3.95,19,Man
NA,NA,NA,NA,NA,2.769230769230769,3.4705882352941178,3.35,20,Woman
NA,NA,NA,NA,NA,3.6538461538461537,2.2941176470588234,3.3,20,Woman
2.75,3.5833333333333335,3.0833333333333335,3,3.3333333333333335,3.5,2.3529411764705883,3.35,20,Woman
NA,NA,NA,NA,NA,4.076923076923077,4.294117647058823,3.7,37,Woman
NA,NA,NA,NA,NA,NA,2.1176470588235294,3.4,18,Woman
NA,NA,NA,NA,NA,4.153846153846154,4.647058823529412,2.74,22,Woman
3,2.5833333333333335,4.583333333333333,2.6666666666666665,3,3.269230769230769,3.5294117647058822,3.5,18,Woman
3.4166666666666665,3.5,3.5,1.9166666666666667,2.9166666666666665,3.6538461538461537,4.411764705882353,3.5,20,Woman
NA,NA,NA,NA,NA,4.384615384615385,3.8823529411764706,3.7,20,Woman
NA,NA,NA,NA,NA,2.8461538461538463,4.235294117647059,3.6,26,Woman
4.166666666666667,3.75,3.0833333333333335,2.5833333333333335,3.25,3.6923076923076925,4.352941176470588,3,18,Woman
2.3333333333333335,3.5,3,2.6666666666666665,2.8333333333333335,3.1538461538461537,3.4705882352941178,3.4,21,Woman
2.75,3.5833333333333335,3.25,3,2.6666666666666665,3.923076923076923,3.7058823529411766,3.1,18,Woman
2.9166666666666665,3.1666666666666665,3.25,3,3.0833333333333335,3.5384615384615383,4.588235294117647,4,18,Woman
3.4166666666666665,3.5833333333333335,3,2.1666666666666665,4.416666666666667,3.230769230769231,3.1176470588235294,4,19,Woman
2.3333333333333335,3,3.1666666666666665,3.4166666666666665,3.5,4.115384615384615,2.8823529411764706,3.4,19,Woman
NA,NA,NA,NA,NA,4,2.9411764705882355,2.2,18,Woman
NA,NA,NA,NA,NA,3.3461538461538463,3.6470588235294117,NA,18,Woman
NA,NA,NA,NA,NA,3.8076923076923075,4.470588235294118,3.1,23,Man
3.25,3.75,3,3,2.5833333333333335,3.730769230769231,4.0588235294117645,3.7,18,Woman
NA,NA,NA,NA,NA,2.769230769230769,2.764705882352941,3.4,20,Woman
3.1666666666666665,3.5,3,3.25,3.4166666666666665,2.730769230769231,3.3529411764705883,3.3,19,Nobinary or genderqueer
NA,NA,NA,NA,NA,3.6923076923076925,3.4705882352941178,3.7,23,Woman
2.3333333333333335,4.333333333333333,4.75,3.5,3.1666666666666665,3.730769230769231,4.176470588235294,3.13,19,Woman
NA,NA,NA,NA,NA,2.6153846153846154,2.0588235294117645,3.5,18,Woman
NA,NA,NA,NA,NA,3.6538461538461537,3.764705882352941,3.7,18,Woman
NA,NA,NA,NA,NA,3.1923076923076925,2.823529411764706,3.9,21,Woman
4.083333333333333,NA,4.416666666666667,2.5,3.4166666666666665,3.5,4.529411764705882,3.93,19,Woman
3.1666666666666665,3.1666666666666665,2.8333333333333335,3.9166666666666665,5,NA,3.2941176470588234,3,31,Woman
NA,NA,NA,NA,NA,3.423076923076923,3.411764705882353,3.26,18,Woman
4,4.166666666666667,3.9166666666666665,3,3.6666666666666665,3.4615384615384617,3.5294117647058822,3.6,19,Woman
NA,NA,NA,NA,NA,3,2.2941176470588234,3.7,18,Woman
NA,NA,NA,NA,NA,3.3461538461538463,2.3529411764705883,3.7,35,Woman
NA,NA,NA,NA,NA,3.8461538461538463,4.588235294117647,3.1,19,Nobinary or genderqueer
NA,NA,NA,NA,NA,3.3846153846153846,2.8823529411764706,3.62,18,Woman
NA,NA,NA,NA,NA,3.5,3.588235294117647,3.8,18,Woman
3.6666666666666665,3.6666666666666665,3.9166666666666665,3.5,4.5,4.230769230769231,4.0588235294117645,3.4,19,Woman
4.5,4.75,5,1.25,4.166666666666667,4.384615384615385,4.294117647058823,3.3,18,Woman
NA,2.75,3,3.75,3.5833333333333335,2.730769230769231,NA,3.93,19,Woman
3.8333333333333335,4.083333333333333,2.8333333333333335,3.75,4.083333333333333,4.269230769230769,3.6470588235294117,3.9,19,Man
1.8333333333333333,2.8333333333333335,3.5,3.25,4.5,2.3846153846153846,2.5294117647058822,2.4,18,Woman
NA,NA,NA,NA,NA,3.5,3.176470588235294,3.1,22,Man
NA,NA,NA,NA,NA,4.038461538461538,4.176470588235294,4,36,Man
NA,NA,NA,NA,NA,3.4615384615384617,3.0588235294117645,3.68,19,Man
2.5,3.1666666666666665,3.0833333333333335,3.1666666666666665,2.8333333333333335,3.1923076923076925,3.176470588235294,4,35,Man
2.5833333333333335,3.25,3.0833333333333335,3.4166666666666665,4.083333333333333,3.269230769230769,3.3529411764705883,3.91,29,Woman
NA,NA,NA,NA,NA,3.423076923076923,3.588235294117647,3.5,29,Man
NA,NA,NA,NA,NA,3.6538461538461537,3.2941176470588234,3.8,22,Woman
NA,NA,NA,NA,NA,3.3076923076923075,3.3529411764705883,4,20,Woman
NA,NA,NA,NA,NA,3.0384615384615383,3.764705882352941,4.1,35,Man
3,2.8333333333333335,3,4,3.1666666666666665,3.230769230769231,4.235294117647059,5,21,Woman
NA,NA,NA,NA,NA,3.6153846153846154,3.4705882352941178,3.8,56,Man
NA,NA,NA,NA,NA,3.923076923076923,4.352941176470588,3.4,40,Man
NA,NA,NA,NA,NA,3.923076923076923,3.6470588235294117,3,25,Man
NA,NA,NA,NA,NA,4.153846153846154,2.823529411764706,4,35,Man
3.75,3.6666666666666665,4.25,1.5833333333333333,3.1666666666666665,3.3461538461538463,3.588235294117647,3.6,22,Man
2.9166666666666665,2.9166666666666665,3,2.6666666666666665,2.8333333333333335,2.9615384615384617,3.5294117647058822,3.5,23,Woman
NA,NA,NA,NA,NA,3.8461538461538463,2.411764705882353,3,27,Man
3.3333333333333335,4.833333333333333,4.583333333333333,1.1666666666666667,3.75,4.3076923076923075,4.470588235294118,3.2,22,Man
3.5,3.5833333333333335,3.8333333333333335,3.6666666666666665,4.416666666666667,3.076923076923077,2.5294117647058822,3.8,22,Woman
3.4166666666666665,2.8333333333333335,3.6666666666666665,3.25,3.4166666666666665,3.6538461538461537,3.235294117647059,3.8,26,Man
2.0833333333333335,4.083333333333333,2.9166666666666665,3.8333333333333335,4.833333333333333,3.6923076923076925,2.588235294117647,3.75,43,Man
2.4166666666666665,4.5,4.083333333333333,2.1666666666666665,4.833333333333333,4,3.8823529411764706,91,30,Man
3.0833333333333335,4.083333333333333,4.833333333333333,2.75,4.916666666666667,4.076923076923077,3.4705882352941178,NA,40,Man
NA,NA,NA,NA,NA,2.6153846153846154,1.411764705882353,3.9,21,Man
NA,NA,NA,NA,NA,2.923076923076923,2.411764705882353,NA,65,Man
2.8333333333333335,3,3,3.25,3.25,3.423076923076923,2.764705882352941,3.5,58,Woman
3.25,3.3333333333333335,4.166666666666667,2.0833333333333335,4.25,3.076923076923077,3.8823529411764706,3.7,26,Man
NA,NA,NA,NA,NA,4.115384615384615,4.470588235294118,3.1,30,Man
3.0833333333333335,3.1666666666666665,3,3.25,3.25,3.3461538461538463,3.588235294117647,4,29,Man
NA,NA,NA,NA,NA,3.3846153846153846,2.3529411764705883,3.5,23,Man
NA,NA,NA,NA,NA,NA,2.823529411764706,3.86,22,Woman
2.8333333333333335,3.0833333333333335,2.5,3,2.9166666666666665,3.4615384615384617,3.3529411764705883,2.65,220,Woman
3,4.083333333333333,3.75,3.5,3.5,4.115384615384615,2.9411764705882355,3.83,26,Woman
3.5,3.75,4.75,2,4,3.769230769230769,3.823529411764706,3.5,65,Woman
NA,NA,NA,NA,NA,3.1538461538461537,3.0588235294117645,NA,41,Man
2.5,3.1666666666666665,3.25,3.3333333333333335,4.916666666666667,3.9615384615384617,2.4705882352941178,3.8,21,Woman
NA,NA,NA,NA,NA,NA,2.411764705882353,3.5,25,Man
NA,NA,NA,NA,NA,3.230769230769231,3.6470588235294117,3.8,32,Man
3.5833333333333335,3.4166666666666665,3.6666666666666665,3.1666666666666665,3.4166666666666665,3.423076923076923,4.176470588235294,3.6,31,Woman
NA,NA,NA,NA,NA,3.230769230769231,3.764705882352941,4,44,Woman
NA,NA,NA,NA,NA,3.1153846153846154,3.176470588235294,0.5,20,Man
3.1666666666666665,3.8333333333333335,3.6666666666666665,3.0833333333333335,4.583333333333333,3.6923076923076925,3.1176470588235294,3.95,26,Woman
NA,NA,NA,NA,NA,3.730769230769231,3.823529411764706,3.7,28,Man
3.3333333333333335,2.5833333333333335,2.8333333333333335,2,2.75,3.5,3.0588235294117645,3.6,35,Man
3.6666666666666665,3.75,3.8333333333333335,2.4166666666666665,3.75,3.8076923076923075,3.3529411764705883,5,40,Man
NA,NA,NA,NA,NA,4.384615384615385,3.8823529411764706,3.3,21,Man
NA,NA,NA,NA,NA,4.269230769230769,4.176470588235294,3.1,23,Man
NA,NA,NA,NA,NA,3.769230769230769,4.352941176470588,3.4,39,Man
3.75,3.5,4.166666666666667,2.1666666666666665,3.5,3.769230769230769,3.3529411764705883,4,29,Man
NA,NA,NA,NA,NA,4.269230769230769,2.588235294117647,2.75,22,Woman
3.1666666666666665,2.5,3.25,4,2.4166666666666665,NA,3.1176470588235294,3.1,25,Man
NA,NA,NA,NA,NA,4.076923076923077,4.294117647058823,3.7,21,Man
NA,NA,NA,NA,NA,3.730769230769231,4.411764705882353,3.7,26,Woman
NA,NA,NA,NA,NA,3.5384615384615383,3.7058823529411766,3.88,23,Man
NA,NA,3.75,NA,NA,3.6923076923076925,4.0588235294117645,4,30,Man
NA,NA,NA,NA,NA,3.8461538461538463,3.7058823529411766,3.6,29,Woman
2.4166666666666665,4.25,4.333333333333333,3.1666666666666665,4.75,3.423076923076923,3.2941176470588234,2.9,29,Woman
NA,NA,NA,NA,NA,3.269230769230769,3.176470588235294,3.86,21,Woman
NA,NA,NA,NA,NA,3.3846153846153846,1.7058823529411764,3,55,Woman
3.0833333333333335,3.6666666666666665,4,2.8333333333333335,4.75,3.3846153846153846,3.1176470588235294,4,26,Man
3.1666666666666665,4,4.333333333333333,1.75,3.75,3.8461538461538463,4.235294117647059,3.6,33,Woman
NA,NA,NA,NA,NA,3.5,3.588235294117647,4,25,Man
NA,4.166666666666667,4.333333333333333,2.5833333333333335,3.0833333333333335,2.8846153846153846,3.588235294117647,3.7,32,Man
4.5,4.5,5,1.3333333333333333,3.75,3.6923076923076925,4,3,25,Man
NA,NA,NA,NA,NA,3.230769230769231,3.9411764705882355,3.8,27,Man
3.9166666666666665,4.166666666666667,3,3.8333333333333335,4,3.5,3.7058823529411766,2.9,19,Woman
NA,NA,NA,NA,NA,3.3076923076923075,3,3.8,55,Woman
NA,NA,NA,NA,NA,2.8846153846153846,3.0588235294117645,3.75,25,Man
4.083333333333333,4.083333333333333,4.333333333333333,2.5833333333333335,4.916666666666667,3.423076923076923,3.176470588235294,3.8,25,Man
3.0833333333333335,4.25,4.25,2,3.6666666666666665,3.8076923076923075,4.705882352941177,3.9,20,Woman
3.0833333333333335,3.9166666666666665,4.25,1.9166666666666667,3.9166666666666665,4.076923076923077,3.4705882352941178,4,46,Woman
3.9166666666666665,4.333333333333333,4.75,2.1666666666666665,3.9166666666666665,4.153846153846154,2.823529411764706,3.02,23,Woman
NA,NA,NA,NA,NA,3.1923076923076925,3.0588235294117645,4,22,Man
3.1666666666666665,4.25,3.75,2.6666666666666665,4.083333333333333,4,2.588235294117647,4,28,Man
3.75,3.8333333333333335,4.083333333333333,2.4166666666666665,3.8333333333333335,4.115384615384615,4.0588235294117645,3.4,35,Woman
3.25,4.5,5,1.8333333333333333,3.25,4.346153846153846,4.529411764705882,3,39,Man
2.9166666666666665,3.1666666666666665,2.9166666666666665,3.25,2.9166666666666665,3.269230769230769,4.588235294117647,4,27,Woman
NA,NA,NA,NA,NA,4.076923076923077,3.6470588235294117,3,20,Man
4,3.75,4.416666666666667,1.9166666666666667,4.833333333333333,3.8846153846153846,3.0588235294117645,3.67,35,Man
3.4166666666666665,3.25,4.083333333333333,2.5833333333333335,3.75,4.076923076923077,3.5294117647058822,4,25,Man
NA,NA,NA,NA,NA,3.1538461538461537,3.6470588235294117,2,33,Man
NA,NA,NA,NA,NA,3.3461538461538463,3.823529411764706,5,31,Man
NA,NA,NA,NA,NA,4.076923076923077,4.0588235294117645,4,62,Man
3.1666666666666665,2.5,3.5833333333333335,2.8333333333333335,3.4166666666666665,3.076923076923077,3.4705882352941178,4,57,Man
3.1666666666666665,3.25,3.3333333333333335,2.3333333333333335,3.1666666666666665,3.6153846153846154,NA,NA,35,Man
NA,NA,NA,NA,NA,3.6538461538461537,3.1176470588235294,3.5,49,Man
NA,NA,NA,NA,NA,NA,3.8823529411764706,NA,21,Man
NA,NA,NA,NA,NA,3.423076923076923,1.8823529411764706,NA,21,Man
NA,NA,NA,NA,NA,3.9615384615384617,2.8823529411764706,NA,40,Man
2.1666666666666665,3.1666666666666665,3.1666666666666665,2.9166666666666665,3.4166666666666665,3.6153846153846154,2.9411764705882355,2.7,20,Woman
NA,NA,NA,NA,NA,3.8846153846153846,3.176470588235294,8,49,Man
3.0833333333333335,2.75,3.1666666666666665,2.8333333333333335,2.9166666666666665,4.038461538461538,4.352941176470588,3.9,26,Man
NA,NA,NA,NA,NA,3.3846153846153846,1.588235294117647,3.2,44,Man
NA,NA,NA,NA,NA,3.576923076923077,3.235294117647059,3.1,35,Woman
2.75,2.9166666666666665,3.1666666666666665,3.75,2.1666666666666665,3.230769230769231,NA,4,29,Man
NA,NA,NA,NA,NA,3.3461538461538463,4,3.9,30,Woman
NA,NA,NA,NA,NA,3,3.4705882352941178,3,35,Woman
NA,NA,NA,NA,NA,3.730769230769231,3.764705882352941,3.25,20,Man
3,3.4166666666666665,3.4166666666666665,3.1666666666666665,3.1666666666666665,3.3461538461538463,3.235294117647059,3,24,Man
2.9166666666666665,3.0833333333333335,3,2.8333333333333335,2.9166666666666665,3.6538461538461537,4.0588235294117645,3.75,29,Man
NA,NA,NA,NA,NA,2.8076923076923075,2.5294117647058822,3.3,20,Man
NA,4.333333333333333,5,1.75,3.9166666666666665,4.153846153846154,4.294117647058823,3.5,49,Woman
3.0833333333333335,4.583333333333333,2.6666666666666665,1.9166666666666667,4.25,3.730769230769231,2.764705882352941,3.2,21,Man
NA,NA,NA,NA,NA,4.230769230769231,3.7058823529411766,3.8,45,Woman
NA,NA,NA,NA,NA,4.076923076923077,3.9411764705882355,3.2,36,Man
NA,NA,NA,NA,NA,3.3076923076923075,2.588235294117647,3.7,24,Woman
4.25,3.4166666666666665,3,2.6666666666666665,4,3.423076923076923,4.117647058823529,3.5,29,Man
NA,NA,NA,NA,NA,2.8461538461538463,3.1176470588235294,NA,67,Woman
2.5,3.5,3.5,3.0833333333333335,2.5833333333333335,3.5384615384615383,3.1176470588235294,4,20,Man
NA,NA,NA,NA,NA,3.4615384615384617,2.764705882352941,3.7,23,Man
NA,NA,NA,NA,NA,3.0384615384615383,3.7058823529411766,3.5,34,Man
2.9166666666666665,2.75,3,4.166666666666667,3,3.3461538461538463,3.235294117647059,3.5,33,Man
NA,NA,NA,NA,NA,3.6538461538461537,2.9411764705882355,3.5,22,Man
NA,NA,NA,NA,NA,3.423076923076923,1.8235294117647058,3.87,24,Woman
NA,4,4.416666666666667,1.8333333333333333,4.083333333333333,3.423076923076923,4.411764705882353,NA,25,Man
NA,NA,NA,NA,NA,3.6153846153846154,3.235294117647059,3,31,Man
3.0833333333333335,3.3333333333333335,3.0833333333333335,2.4166666666666665,4.166666666666667,4,4.235294117647059,3.3,21,Man
2.9166666666666665,2.75,2.9166666666666665,3.0833333333333335,3.0833333333333335,3.423076923076923,4.294117647058823,3.4,36,Man
NA,NA,NA,NA,NA,2.6538461538461537,3.764705882352941,3.7,28,Man
2.4166666666666665,NA,2.9166666666666665,3.0833333333333335,2.8333333333333335,3.9615384615384617,3.823529411764706,3,29,Woman
2.4166666666666665,2.9166666666666665,3.5,2.75,3.5833333333333335,3.0384615384615383,4.411764705882353,3.5,34,Man
3.0833333333333335,3.1666666666666665,2.9166666666666665,2.8333333333333335,2.3333333333333335,3.423076923076923,4.117647058823529,2.9,25,Woman
4.25,4,3.5833333333333335,2.8333333333333335,4.166666666666667,4.3076923076923075,3.411764705882353,4,29,Man
3,3.1666666666666665,3.1666666666666665,2.9166666666666665,2.9166666666666665,3.9615384615384617,4.588235294117647,3.5,26,Man
NA,NA,NA,NA,NA,3.3846153846153846,2.764705882352941,3.75,21,Woman
2.9166666666666665,3.0833333333333335,2.8333333333333335,3.5,3,3.1153846153846154,4.0588235294117645,3.85,35,Woman
NA,NA,NA,NA,NA,3.8846153846153846,3.7058823529411766,3.6,56,Man
NA,NA,NA,NA,NA,3.076923076923077,3.588235294117647,3.2,23,Man
NA,NA,NA,NA,NA,3.6923076923076925,3.8823529411764706,2.8,61,Woman
NA,NA,NA,NA,NA,4.038461538461538,4.411764705882353,3.5,38,Woman
3,3.5833333333333335,4.333333333333333,2.75,3,3.576923076923077,3.8823529411764706,3.7,22,Man
NA,NA,NA,NA,NA,2.8846153846153846,2.9411764705882355,3.82,20,Man
NA,NA,NA,NA,NA,4,3.411764705882353,3.2,29,Man
2.9166666666666665,4.083333333333333,4.833333333333333,2.4166666666666665,4.666666666666667,3.769230769230769,4.294117647058823,3.3,29,Woman
3.5,4.666666666666667,3.25,2.6666666666666665,4.416666666666667,4.230769230769231,4.411764705882353,3,40,Woman
1.5833333333333333,3.0833333333333335,2.0833333333333335,4.416666666666667,3.8333333333333335,2.6538461538461537,2.823529411764706,3,30,Woman
3.5,3.5833333333333335,3.3333333333333335,3.5833333333333335,4.916666666666667,3.576923076923077,4.647058823529412,3.98,42,Woman
NA,NA,NA,NA,NA,3.8461538461538463,4.470588235294118,3.8,26,Man
NA,NA,NA,NA,NA,3.6538461538461537,4.176470588235294,3.3,22,Man
4.333333333333333,4.333333333333333,2.75,3.1666666666666665,4,2.6923076923076925,3.235294117647059,2,42,Man
3.5833333333333335,4.416666666666667,4.833333333333333,2.5,3.5833333333333335,3.730769230769231,3.5294117647058822,3,26,Man
2.5,2.8333333333333335,3.0833333333333335,3.1666666666666665,2.9166666666666665,3.4615384615384617,4.0588235294117645,3,22,Man
NA,NA,NA,NA,NA,3.6923076923076925,2.5294117647058822,2.67,23,Man
NA,NA,NA,NA,NA,3.4615384615384617,1.5294117647058822,3.7,52,Woman
NA,NA,NA,NA,NA,3.423076923076923,4.294117647058823,4,28,Man
NA,NA,NA,NA,NA,3.076923076923077,1.7647058823529411,4,21,Man
NA,NA,NA,NA,NA,3.076923076923077,3.6470588235294117,3.5,18,Man
NA,NA,NA,NA,NA,2.6538461538461537,2.588235294117647,3.8,33,Woman
2.4166666666666665,4.5,4.25,2.6666666666666665,3.5,4.076923076923077,4.117647058823529,3.7,22,Woman
NA,NA,NA,NA,NA,3.230769230769231,3.1176470588235294,3.5,34,Man
2.3333333333333335,4.333333333333333,3.75,3.25,3.3333333333333335,3.1538461538461537,3.5294117647058822,3.4,24,Prefer not to answer
2.75,3.5,2.9166666666666665,3.0833333333333335,3.0833333333333335,3.3076923076923075,4,3,27,Woman
NA,NA,NA,NA,NA,4.038461538461538,4.647058823529412,3,38,Man
NA,NA,NA,NA,NA,3.423076923076923,3.235294117647059,3,56,Woman
NA,NA,NA,NA,NA,3.8846153846153846,2.5294117647058822,3,37,Man
4,3.9166666666666665,3.6666666666666665,1.5833333333333333,4.5,4.653846153846154,3.8823529411764706,4,24,Man
3.1666666666666665,3.5,4.583333333333333,1.8333333333333333,3.6666666666666665,3.5384615384615383,4.235294117647059,3.4,22,Man
2.5833333333333335,4.666666666666667,4.083333333333333,3.5,3.4166666666666665,NA,2.9411764705882355,4,36,Woman
NA,NA,NA,NA,NA,2.730769230769231,3.1176470588235294,2.8,23,Man
2.8333333333333335,3.0833333333333335,2.75,3.6666666666666665,3.3333333333333335,3.5,4.294117647058823,3.5,23,Woman
3.4166666666666665,3.4166666666666665,4.166666666666667,2.5,3.6666666666666665,3.8076923076923075,3.764705882352941,3,22,Man
3.3333333333333335,3.6666666666666665,3.4166666666666665,2.6666666666666665,3.5833333333333335,3.269230769230769,2.6470588235294117,3.9,22,Man
NA,NA,NA,NA,NA,4.653846153846154,3.764705882352941,2.84,54,Woman
NA,NA,NA,NA,NA,3.5384615384615383,3.411764705882353,3.45,23,Man
NA,NA,NA,NA,NA,3.230769230769231,4.176470588235294,3.88,20,Woman
NA,NA,NA,NA,NA,3.5384615384615383,4.0588235294117645,3.2,53,Woman
3.8333333333333335,4.166666666666667,4.666666666666667,2.5,3.5,3.730769230769231,3.588235294117647,4,26,Woman
NA,NA,NA,NA,NA,3.576923076923077,3.9411764705882355,3,29,Woman
2.8333333333333335,3,3.25,2.4166666666666665,3.1666666666666665,3.923076923076923,4.294117647058823,3.4,41,Man
NA,NA,NA,NA,NA,3.3846153846153846,3.7058823529411766,3.2,23,Man
NA,2.25,2.5833333333333335,4,2.3333333333333335,2.923076923076923,2.3529411764705883,3,32,Man
3.4166666666666665,4,3.6666666666666665,3.4166666666666665,3.3333333333333335,3.9615384615384617,3.588235294117647,2.5,20,Woman
NA,NA,NA,NA,NA,2.730769230769231,1.8235294117647058,4,55,Man
NA,NA,NA,NA,NA,3.730769230769231,3.588235294117647,3.9,21,Man
NA,NA,NA,NA,NA,2.730769230769231,2.411764705882353,3.9,27,Woman
NA,NA,NA,NA,NA,3.730769230769231,3.9411764705882355,3,25,Man
NA,NA,NA,NA,NA,4.115384615384615,3.4705882352941178,3.8,30,Woman
NA,NA,NA,NA,NA,2.4615384615384617,4.470588235294118,3.9,19,Woman
NA,NA,NA,NA,NA,3.230769230769231,3.411764705882353,3.7,28,Woman
3.6666666666666665,3.6666666666666665,3.1666666666666665,3.1666666666666665,3.5833333333333335,3.423076923076923,4.176470588235294,2.8,23,Man
3.75,3.5,4.166666666666667,2.9166666666666665,3.6666666666666665,3.730769230769231,3.8823529411764706,3.5,23,Prefer not to answer
NA,NA,NA,NA,NA,NA,2.7058823529411766,3.8,22,Man
3.1666666666666665,3.75,4.083333333333333,2.75,3,3.8461538461538463,3.764705882352941,3.6,23,Man
NA,NA,NA,NA,NA,3.1538461538461537,NA,8,35,Man
NA,NA,NA,NA,NA,3.3461538461538463,2.8823529411764706,3.5,25,Man
NA,NA,NA,NA,NA,3.8461538461538463,4.176470588235294,3.8,21,Man
NA,NA,NA,NA,NA,2.6923076923076925,3.0588235294117645,3.3,20,Woman
2.3333333333333335,4.166666666666667,4.083333333333333,3,3.25,4.346153846153846,3.823529411764706,3.9,28,Man
3.9166666666666665,3,4.25,2.25,4.166666666666667,4.038461538461538,3.6470588235294117,3.8,40,Woman
NA,NA,NA,NA,NA,3.5,2.5294117647058822,3,23,Man
NA,NA,NA,NA,NA,NA,3.4705882352941178,4,56,Man
NA,NA,NA,NA,NA,2.423076923076923,2.7058823529411766,3.6,28,Man
NA,NA,NA,NA,NA,3.9615384615384617,4,3.5,18,Man
NA,NA,NA,NA,NA,3.576923076923077,3.6470588235294117,3,25,Man
NA,NA,NA,NA,NA,3.076923076923077,3.4705882352941178,3.5,25,Man
NA,NA,NA,NA,NA,3.576923076923077,2.7058823529411766,2.7,18,Woman
1.75,3.25,2.5833333333333335,3.1666666666666665,4.583333333333333,2.730769230769231,3.6470588235294117,3.8,20,Woman
NA,NA,NA,NA,NA,3.6538461538461537,2.6470588235294117,4,25,Man
NA,NA,NA,NA,NA,3.769230769230769,4.470588235294118,3.5,29,Woman
2.8333333333333335,3.3333333333333335,3.25,3.25,NA,3.4615384615384617,3.9411764705882355,3.4,40,Man
NA,NA,NA,NA,NA,4.115384615384615,4.823529411764706,3.8,21,Man
3.3333333333333335,2.9166666666666665,4.333333333333333,2.8333333333333335,3.0833333333333335,3.9615384615384617,3.1176470588235294,3.7,26,Man
NA,NA,NA,NA,NA,4.346153846153846,NA,3.5,20,Woman
NA,NA,NA,NA,NA,3.5384615384615383,3.176470588235294,2.8,31,Woman
NA,NA,NA,NA,NA,3.730769230769231,3.1176470588235294,3.5,20,Man
NA,NA,NA,NA,NA,3.423076923076923,3.9411764705882355,3.5,26,Man
3.1666666666666665,2.75,2.8333333333333335,3.5,2.6666666666666665,3.1538461538461537,4.235294117647059,3.5,25,Man
NA,NA,NA,NA,NA,3.6153846153846154,3.235294117647059,3.5,26,Woman
2.75,4.083333333333333,4.166666666666667,2.9166666666666665,4.333333333333333,3.923076923076923,4.117647058823529,3.9,20,Woman
3,3.1666666666666665,2.6666666666666665,3.4166666666666665,3.0833333333333335,3.3461538461538463,3.823529411764706,3.8,22,Man
NA,NA,NA,NA,NA,3.269230769230769,4.529411764705882,3.5,25,Man
4.833333333333333,4.916666666666667,5,1.3333333333333333,4.166666666666667,NA,3.823529411764706,3.8,22,Man
NA,NA,NA,NA,NA,3.6153846153846154,4.117647058823529,3.5,36,Woman
NA,NA,NA,NA,NA,4.3076923076923075,3.9411764705882355,3.5,20,Man
NA,NA,NA,NA,NA,4.3076923076923075,4.294117647058823,3.5,41,Woman
NA,NA,NA,NA,NA,3.1923076923076925,2.235294117647059,3.8,21,Woman
NA,NA,NA,NA,NA,4.538461538461538,4.705882352941177,3.48,35,Man
NA,NA,NA,NA,NA,4.230769230769231,4.235294117647059,NA,22,Man
NA,NA,NA,NA,NA,3.1153846153846154,NA,3.5,21,Man
2.5833333333333335,3.9166666666666665,4.916666666666667,2.4166666666666665,4.083333333333333,4.269230769230769,4.117647058823529,3.6,32,Man
3.8333333333333335,3.5833333333333335,3.5833333333333335,3.6666666666666665,4.083333333333333,4.230769230769231,4.176470588235294,3.9,29,Woman
3.25,3.8333333333333335,3.4166666666666665,3.5,3.5833333333333335,3.3846153846153846,3.176470588235294,3.2,24,Man
2.9166666666666665,3.5833333333333335,3.4166666666666665,2.8333333333333335,2.3333333333333335,2.8461538461538463,4.0588235294117645,4,39,Woman
3.3333333333333335,3,3.0833333333333335,3.0833333333333335,2.3333333333333335,3.6923076923076925,3.588235294117647,3.5,25,Woman
2.5,3.5833333333333335,3.3333333333333335,3.6666666666666665,2.8333333333333335,2.8846153846153846,2.9411764705882355,3.2,22,Man
NA,NA,NA,NA,NA,3.923076923076923,4.411764705882353,3.5,30,Man
NA,NA,NA,NA,NA,4.230769230769231,3.764705882352941,3.3,24,Woman
NA,NA,NA,NA,NA,3.3846153846153846,3.7058823529411766,3.5,24,Woman
NA,NA,NA,NA,NA,2.8846153846153846,4.294117647058823,3.5,70,Woman
NA,NA,NA,NA,NA,3.1538461538461537,3,3,31,Woman
NA,NA,NA,NA,NA,3.5384615384615383,3,3.92,20,Woman
NA,NA,NA,NA,NA,3.730769230769231,4.647058823529412,5,28,Man
3.3333333333333335,4.25,3.8333333333333335,2.5,4.083333333333333,3.769230769230769,3.4705882352941178,3.9,21,Man
1.5833333333333333,3.5833333333333335,2.1666666666666665,4.416666666666667,4.75,3.3076923076923075,2.7058823529411766,3.8,36,Woman
NA,NA,NA,NA,NA,3.6538461538461537,2.6470588235294117,3,35,Woman
NA,NA,NA,NA,NA,4.115384615384615,3.411764705882353,3.93,55,Man
4,4.166666666666667,3,1.5,4.083333333333333,4.346153846153846,3.8823529411764706,7,21,Man
NA,NA,NA,NA,NA,3.1153846153846154,3.235294117647059,3.2,21,Man
NA,NA,NA,NA,NA,3.769230769230769,4.529411764705882,3.5,25,Man
NA,NA,NA,NA,NA,3.423076923076923,4.352941176470588,2,21,Man
NA,NA,NA,NA,NA,4.269230769230769,3.2941176470588234,3.5,24,Man
3.5,3.0833333333333335,4.5,2.9166666666666665,4,3.6153846153846154,3.5294117647058822,3.5,29,Woman
NA,NA,NA,NA,NA,4.269230769230769,NA,3.98,63,Man
NA,NA,NA,NA,NA,3.5,2.823529411764706,3,28,Man
NA,NA,NA,NA,NA,3.8076923076923075,3.7058823529411766,3.3,21,Man
3.0833333333333335,4.5,4.416666666666667,2.6666666666666665,3.5,4.076923076923077,4.411764705882353,3.5,22,Man
3.1666666666666665,3.75,4.166666666666667,1.9166666666666667,2.9166666666666665,3.923076923076923,NA,3.8,22,Man
NA,NA,NA,NA,NA,3.3846153846153846,2.5294117647058822,6,28,Man
NA,4.5,4.916666666666667,2.25,3.3333333333333335,3.8846153846153846,4.294117647058823,3.5,22,Man
3.25,3.1666666666666665,3.8333333333333335,3.3333333333333335,3.9166666666666665,3.1153846153846154,2.823529411764706,3,25,Man
3,3.4166666666666665,3,2.5833333333333335,3.0833333333333335,3.9615384615384617,4.647058823529412,3.3,24,Man
3.5833333333333335,2.9166666666666665,3.5,3.0833333333333335,4.083333333333333,4,3,3,27,Man
3.25,3.5,3.9166666666666665,2.5833333333333335,4.166666666666667,3.4615384615384617,3,3.6,39,Man
2.5833333333333335,3.25,4.666666666666667,2.75,2.6666666666666665,3.4615384615384617,2.7058823529411766,3.5,28,Man
1.9166666666666667,4.083333333333333,4,3.75,4.5,3.3076923076923075,3.411764705882353,4,31,Man
2,3.25,3.5833333333333335,2.6666666666666665,3.25,3.6153846153846154,3.1176470588235294,3.9,43,Woman
NA,NA,NA,NA,NA,3.6538461538461537,3.176470588235294,4,41,Man
3,4.75,4.666666666666667,2,4.333333333333333,3.769230769230769,3.0588235294117645,3.7,19,Man
NA,NA,NA,NA,NA,4,3.235294117647059,3.8,22,Woman
NA,NA,NA,NA,NA,3.5384615384615383,NA,3.9,44,Woman
NA,NA,NA,NA,NA,3.576923076923077,2.411764705882353,3,20,Woman
4.666666666666667,4.5,4.583333333333333,1.4166666666666667,5,3.9615384615384617,4.352941176470588,2.5,37,Man
NA,NA,NA,NA,NA,3.1153846153846154,3.176470588235294,3.5,25,Woman
NA,NA,NA,NA,NA,3.1538461538461537,2.823529411764706,3.8,55,Woman
1.6666666666666667,4.583333333333333,3.0833333333333335,2.5833333333333335,3.75,3.4615384615384617,2.7058823529411766,3,36,Woman
3.0833333333333335,3.0833333333333335,2.8333333333333335,3.0833333333333335,3.1666666666666665,3.8076923076923075,4.647058823529412,3.3,21,Man
3.1666666666666665,3,2.75,2.6666666666666665,3.0833333333333335,3.230769230769231,4.235294117647059,4,31,Man
3.25,2.8333333333333335,3.25,3,3.0833333333333335,4.1923076923076925,4.117647058823529,3.5,25,Man
NA,NA,NA,NA,NA,3.769230769230769,3.4705882352941178,3.45,22,Woman
NA,NA,NA,NA,NA,3.6153846153846154,3.9411764705882355,3,28,Man
NA,NA,NA,NA,NA,3.576923076923077,3.764705882352941,4,35,Man
NA,NA,NA,NA,NA,3.1153846153846154,2.6470588235294117,4,28,Man
2.9166666666666665,3.0833333333333335,3,2.25,3.0833333333333335,3.576923076923077,4.764705882352941,3.3,22,Woman
2.8333333333333335,3.25,3.4166666666666665,3.5833333333333335,3.0833333333333335,3.8846153846153846,4.647058823529412,3.5,22,Man
2,3.1666666666666665,3.3333333333333335,3.75,3.9166666666666665,3.6153846153846154,4.352941176470588,3.8,65,Woman
NA,NA,NA,NA,NA,3.769230769230769,3.6470588235294117,3.7,23,Man
NA,NA,NA,NA,NA,3.4615384615384617,3.2941176470588234,3.7,23,Man
3.3333333333333335,4.666666666666667,5,1.6666666666666667,4.25,4,4.235294117647059,3.9,22,Man
NA,NA,NA,NA,NA,3.0384615384615383,3.6470588235294117,3.5,44,Man
1.1666666666666667,3.5,2.1666666666666665,2,3,3.3461538461538463,4.352941176470588,3.5,24,Man
3,3.4166666666666665,4.166666666666667,3.4166666666666665,4.166666666666667,3.5,4,2.9,25,Woman
3.4166666666666665,3.25,2.9166666666666665,3.3333333333333335,3.1666666666666665,3.5,4.352941176470588,3.5,25,Woman
NA,NA,NA,NA,NA,3.5,2.6470588235294117,4,41,Man
NA,NA,NA,NA,NA,4.038461538461538,4.588235294117647,3.81,29,Woman
NA,NA,NA,NA,NA,3,2.9411764705882355,3.8,21,Man
NA,NA,NA,NA,NA,3.230769230769231,4,3.4,40,Woman
NA,NA,NA,NA,NA,4.269230769230769,4.588235294117647,3.7,43,Man
NA,NA,NA,NA,NA,2.8846153846153846,3.3529411764705883,4,50,Man
NA,NA,NA,NA,NA,3.6923076923076925,3.176470588235294,3.5,22,Man
NA,NA,NA,NA,NA,3.3461538461538463,2.764705882352941,3.8,25,Man
3,3,3.9166666666666665,1.9166666666666667,4.083333333333333,3.6923076923076925,2.2941176470588234,2,32,Man
4.166666666666667,4.416666666666667,4.666666666666667,1.5833333333333333,3.75,3.6538461538461537,3.7058823529411766,3.87,37,Man
NA,NA,NA,NA,NA,3.6538461538461537,4.705882352941177,3,33,Woman
NA,NA,NA,NA,NA,3.1923076923076925,2.823529411764706,3.8,24,Woman
NA,NA,NA,NA,NA,4.1923076923076925,3.4705882352941178,4,25,Woman
3,3.5833333333333335,3.6666666666666665,2.6666666666666665,3.1666666666666665,3.269230769230769,4.235294117647059,3.5,22,Woman
1.1666666666666667,4.083333333333333,3.9166666666666665,2.5833333333333335,4.5,3.769230769230769,3.823529411764706,NA,31,Man
NA,NA,NA,NA,NA,3.3076923076923075,3.588235294117647,3.84,36,Woman
3.75,3.1666666666666665,4.25,2.5,3.5833333333333335,3.3846153846153846,3.8823529411764706,3.5,39,Woman
2.5833333333333335,2.4166666666666665,NA,2.5,3.3333333333333335,2.6153846153846154,2.823529411764706,3.7,22,Woman
4.583333333333333,4.583333333333333,4.916666666666667,1.6666666666666667,4.833333333333333,3.576923076923077,2.9411764705882355,2.75,46,Woman
NA,NA,NA,NA,NA,4.230769230769231,2.764705882352941,NA,28,Man
3.1666666666666665,4.083333333333333,3,2.8333333333333335,4.166666666666667,3.923076923076923,2.8823529411764706,3.1,21,Man
NA,NA,NA,NA,NA,3.4615384615384617,3.9411764705882355,4,18,Man
4,4.416666666666667,4.833333333333333,1.8333333333333333,3.5833333333333335,3.576923076923077,3.5294117647058822,3,21,Man
NA,NA,NA,NA,NA,2.6923076923076925,2.235294117647059,3.1,25,Man
3.3333333333333335,3,2.4166666666666665,3,3.25,3.730769230769231,3,3.8,30,Man
2.9166666666666665,4.083333333333333,3.8333333333333335,4.583333333333333,3.3333333333333335,3.8846153846153846,2.7058823529411766,3.7,32,Man
NA,NA,NA,NA,NA,4.038461538461538,2.9411764705882355,3.7,22,Woman
2.6666666666666665,3.9166666666666665,4,2.1666666666666665,3.0833333333333335,3.6923076923076925,4.294117647058823,3.55,29,Woman
NA,NA,NA,NA,NA,3.769230769230769,3.1176470588235294,3.4,20,Man
3.5,3.25,4,3.3333333333333335,4.916666666666667,3.8461538461538463,2.6470588235294117,3.3,66,Man
NA,NA,NA,NA,NA,2.923076923076923,2.823529411764706,3.5,37,Woman
2.6666666666666665,4.583333333333333,4.25,3.1666666666666665,4.25,3.5384615384615383,3.0588235294117645,3,33,Man
3.4166666666666665,3.0833333333333335,2.6666666666666665,3.4166666666666665,4.166666666666667,3.6923076923076925,3.588235294117647,3.4,28,Man
2.75,NA,4,2.1666666666666665,4.25,3.9615384615384617,3.176470588235294,3.8,25,Woman
NA,NA,NA,NA,NA,3.4615384615384617,4,NA,28,Man
2.25,3.4166666666666665,3.5,3.9166666666666665,3.5833333333333335,3.3461538461538463,4.0588235294117645,4,29,Man
3.5833333333333335,2.5,3.25,3.5,3.5,3.9615384615384617,3.5294117647058822,3,45,Man
NA,NA,NA,NA,NA,3.8461538461538463,3.9411764705882355,3.5,25,Woman
NA,NA,NA,NA,NA,3.1538461538461537,2.9411764705882355,3.5,25,Man
2.5,3,2.6666666666666665,2.5,3.0833333333333335,3.3846153846153846,3.6470588235294117,4,28,Man
NA,NA,NA,NA,NA,3.8846153846153846,2.176470588235294,3.9,43,Man
NA,NA,NA,NA,NA,2.8076923076923075,3.2941176470588234,3,31,Woman
3.3333333333333335,3.1666666666666665,3.6666666666666665,2,2.8333333333333335,3.923076923076923,4.117647058823529,3.8,21,Woman
4.083333333333333,3.4166666666666665,3.0833333333333335,3,4.666666666666667,4.230769230769231,3.235294117647059,3.9,23,Man
NA,NA,NA,NA,NA,4.346153846153846,4.294117647058823,3.5,64,Woman
3.5833333333333335,4.083333333333333,4,1.9166666666666667,4.583333333333333,3.423076923076923,4.0588235294117645,4.3,30,Woman
NA,NA,NA,NA,NA,3.8846153846153846,3.3529411764705883,3,30,Man
NA,NA,NA,NA,NA,3.9615384615384617,4.882352941176471,2.5,23,Man
2.8333333333333335,2.25,2.8333333333333335,3.5,2.9166666666666665,3.4615384615384617,3.6470588235294117,3.55,38,Man
NA,NA,NA,NA,NA,3.8461538461538463,2.5294117647058822,NA,35,Woman
NA,NA,NA,NA,NA,3.576923076923077,3.8823529411764706,4,18,Man
NA,NA,NA,NA,NA,3.076923076923077,3.5294117647058822,3.5,25,Man
NA,NA,NA,NA,NA,3.3846153846153846,1.8235294117647058,3.7,24,Prefer not to answer
3.1666666666666665,3.1666666666666665,3.5833333333333335,2.6666666666666665,2.5,3.5384615384615383,4.588235294117647,3.2,58,Woman
3.5833333333333335,3.3333333333333335,4.333333333333333,2.1666666666666665,3.5833333333333335,3.8846153846153846,4,4,31,Man
NA,NA,NA,NA,NA,4,3.8823529411764706,3.6,23,Woman
3.8333333333333335,4.333333333333333,3.3333333333333335,1.75,3.6666666666666665,2.8076923076923075,3.235294117647059,3.8,28,Woman
3.25,2.9166666666666665,3.5,1.75,2.75,3.423076923076923,3.588235294117647,3.95,43,Woman
NA,NA,NA,NA,NA,2.9615384615384617,2.235294117647059,3.5,32,Woman
NA,NA,NA,NA,NA,3.423076923076923,3.1176470588235294,3.3,51,Woman
3.75,2.8333333333333335,3.0833333333333335,3.75,3.0833333333333335,3.269230769230769,2.8823529411764706,3.6,24,Man
4.916666666666667,4.75,NA,1,4.666666666666667,3.8461538461538463,3.5294117647058822,3.8,33,Woman
NA,NA,NA,NA,NA,3.423076923076923,3.9411764705882355,3.4,28,Man
NA,NA,NA,NA,NA,3.730769230769231,3.176470588235294,3.8,29,Prefer not to answer
NA,NA,NA,NA,NA,3.576923076923077,3.588235294117647,3.4,22,Man
NA,NA,NA,NA,NA,4.076923076923077,4.176470588235294,3.06,20,Man
NA,NA,NA,NA,NA,4,3.5294117647058822,4,34,Man
NA,NA,NA,NA,NA,4.153846153846154,3.588235294117647,2.92,23,Man
NA,NA,NA,NA,NA,3.3846153846153846,3.8823529411764706,3.5,26,Man
NA,NA,NA,NA,NA,3.8461538461538463,3.3529411764705883,3.5,25,Man
NA,4,3.0833333333333335,3.0833333333333335,4,3.4615384615384617,4.529411764705882,3.77,19,Woman
NA,NA,NA,NA,NA,3.423076923076923,2.6470588235294117,3.2,34,Man
3.4166666666666665,3.6666666666666665,4.166666666666667,2.6666666666666665,4.5,3.8846153846153846,3.411764705882353,3,39,Man
NA,NA,NA,NA,NA,3.4615384615384617,4.0588235294117645,3.2,43,Woman
3.4166666666666665,3.6666666666666665,3.9166666666666665,2.5,3.6666666666666665,3.3461538461538463,3.176470588235294,3.5,33,Woman
NA,NA,NA,NA,NA,4.3076923076923075,3.411764705882353,3.92,33,Man
NA,NA,NA,NA,NA,NA,3.823529411764706,3.5,46,Woman
NA,NA,NA,NA,NA,2.423076923076923,3.5294117647058822,3.34,33,Man
3.4166666666666665,3.6666666666666665,3.75,2.0833333333333335,2.9166666666666665,3.230769230769231,3.8823529411764706,3.5,42,Man
NA,NA,NA,NA,NA,4.115384615384615,4.0588235294117645,3.2,21,Man
3.0833333333333335,3.5,3.5,2.4166666666666665,2.9166666666666665,3.5,3.411764705882353,3.2,34,Man
NA,NA,NA,NA,NA,3.6538461538461537,3.0588235294117645,3.9,30,Woman
4.5,4.666666666666667,5,2.9166666666666665,3.8333333333333335,2.6923076923076925,3.588235294117647,3.8,49,Man
3.25,4.75,5,2.9166666666666665,3.6666666666666665,3.730769230769231,3,3.653,37,Woman
NA,NA,NA,NA,NA,3.730769230769231,2.9411764705882355,3.8,30,Man
3.1666666666666665,2.6666666666666665,3,2.9166666666666665,2.75,3.8461538461538463,4.352941176470588,3.8,42,Man
2.75,3.25,4,2.8333333333333335,3.5833333333333335,3.730769230769231,3.6470588235294117,3.7,21,Man
NA,NA,NA,NA,NA,3.6153846153846154,3.823529411764706,4,27,Man
NA,NA,NA,NA,NA,3.3076923076923075,2,3.5,28,Man
3.3333333333333335,4.666666666666667,2.5,1.5833333333333333,3.5,3.923076923076923,3.7058823529411766,3,28,Man
NA,NA,NA,NA,NA,3.269230769230769,3.411764705882353,1.3,22,Man
NA,NA,NA,NA,NA,3.423076923076923,2.9411764705882355,3.5,22,Man
3.1666666666666665,2.5833333333333335,3,2.9166666666666665,2.8333333333333335,3.076923076923077,4.588235294117647,4.5,33,Woman
2.75,4.333333333333333,4.333333333333333,2,3.5,3.3846153846153846,4.235294117647059,4,19,Woman
3.3333333333333335,3.6666666666666665,4.583333333333333,3,4.166666666666667,4,4.117647058823529,3.5,33,Man
NA,NA,NA,NA,NA,3.6923076923076925,4.411764705882353,3.2,58,Man
NA,NA,NA,NA,NA,4.269230769230769,4.352941176470588,5,37,Man
NA,NA,NA,NA,NA,4.115384615384615,3.0588235294117645,3.57,23,Man
3.75,4.833333333333333,4.583333333333333,2.5,4.5,4.1923076923076925,4.529411764705882,3,23,Woman
3,3.1666666666666665,3.4166666666666665,2.75,2.6666666666666665,4.038461538461538,4.352941176470588,3.9,20,Woman
3.75,4,4.833333333333333,1.6666666666666667,3.75,3.5,3.411764705882353,3.5,26,Woman
NA,NA,NA,NA,NA,3.1153846153846154,3.3529411764705883,4,31,Man
2.6666666666666665,3.5,3.5,2.5,2.3333333333333335,3.4615384615384617,3.7058823529411766,3.1,27,Man
2.75,2.75,3.8333333333333335,2.8333333333333335,3.3333333333333335,3.6923076923076925,3.764705882352941,3.85,23,Woman
NA,NA,NA,NA,NA,2.4615384615384617,3.588235294117647,3.5,22,Man
2.5833333333333335,3.75,3,2.8333333333333335,4.333333333333333,4.346153846153846,4.411764705882353,3.2,35,Woman
NA,NA,NA,NA,NA,3.5384615384615383,3.8823529411764706,3.7,22,Man
4.166666666666667,2.3333333333333335,2.6666666666666665,3.6666666666666665,3.9166666666666665,NA,3.0588235294117645,3.8,20,Woman
3.6666666666666665,3.0833333333333335,NA,1.8333333333333333,2.8333333333333335,3.769230769230769,2.588235294117647,3.85,19,Woman
NA,NA,NA,NA,NA,3.923076923076923,4.529411764705882,3.5,31,Man
NA,NA,NA,NA,NA,3.3461538461538463,4.117647058823529,4,21,Man
3.4166666666666665,5,5,1.25,4.833333333333333,4.115384615384615,4.764705882352941,3,22,Woman
3.0833333333333335,4.083333333333333,2.75,2.6666666666666665,3.75,2.6153846153846154,3.7058823529411766,3.4,23,Man
NA,NA,NA,NA,NA,2.423076923076923,2.235294117647059,3.85,22,Man
NA,NA,NA,NA,NA,3.269230769230769,3.588235294117647,3.75,21,Man
2.8333333333333335,3.25,3.3333333333333335,4.583333333333333,3.1666666666666665,2.6153846153846154,3.588235294117647,6.5,37,Woman
3.25,4.5,4.666666666666667,3.1666666666666665,3.5,3.923076923076923,4,3.7,21,Man
2.0833333333333335,3,2.75,3.1666666666666665,3.4166666666666665,3.230769230769231,4.823529411764706,3.5,37,Woman
NA,NA,NA,NA,NA,3.3076923076923075,2.823529411764706,3.2,23,Woman
3.0833333333333335,2.8333333333333335,2.8333333333333335,3.5,2.9166666666666665,3.923076923076923,4.647058823529412,3.25,37,Woman
2.4166666666666665,4.25,3.25,2.9166666666666665,4.416666666666667,4.1923076923076925,3.3529411764705883,4.5,25,Woman
NA,NA,NA,NA,NA,4.153846153846154,3.4705882352941178,3.43,21,Woman
NA,NA,NA,NA,NA,4.615384615384615,4.470588235294118,3.8,21,Man
NA,NA,NA,NA,NA,3.3846153846153846,3.823529411764706,4,43,Woman
2.9166666666666665,2.75,3.0833333333333335,3,3.1666666666666665,3.3076923076923075,4.176470588235294,4,38,Man
NA,NA,NA,NA,NA,3.4615384615384617,2.411764705882353,3.8,25,Woman
NA,NA,NA,NA,NA,3.076923076923077,1.8235294117647058,3,47,Woman
NA,NA,NA,NA,NA,3.1923076923076925,2.1176470588235294,3.5,25,Man
4.166666666666667,4.833333333333333,4.833333333333333,2.5833333333333335,3.25,NA,3.176470588235294,3.4,43,Man
3.5833333333333335,3.25,3.6666666666666665,2.4166666666666665,2.75,3.6153846153846154,4.0588235294117645,3.5,35,Man
NA,NA,NA,NA,NA,2.6153846153846154,1.588235294117647,3.74,33,Man
NA,NA,NA,NA,NA,2.8076923076923075,3,3,21,Woman
NA,NA,NA,NA,NA,3.423076923076923,3.9411764705882355,3,36,Woman
NA,NA,NA,NA,NA,3.076923076923077,4.529411764705882,4,35,Man
3,2.4166666666666665,3.3333333333333335,2.6666666666666665,3.25,3.3076923076923075,4,3,26,Man
NA,NA,NA,NA,NA,2.6923076923076925,2.764705882352941,3.5,22,Man
3.5833333333333335,4.416666666666667,3.3333333333333335,2.9166666666666665,3.75,3.576923076923077,3.9411764705882355,3.1,24,Woman
3.8333333333333335,3.8333333333333335,3.9166666666666665,1.75,3.25,4.153846153846154,4.0588235294117645,3.1,22,Man
3.1666666666666665,3.6666666666666665,3.1666666666666665,2.6666666666666665,3.8333333333333335,3.269230769230769,4.235294117647059,3.4,29,Man
1.4166666666666667,4.083333333333333,3,4.083333333333333,3.4166666666666665,3.3846153846153846,3.9411764705882355,3.5,25,Woman
NA,NA,NA,NA,NA,4.115384615384615,4.294117647058823,3.5,32,Man
2.4166666666666665,3.9166666666666665,4.083333333333333,3.9166666666666665,3.8333333333333335,2.8846153846153846,3.176470588235294,3.2,28,Woman
3.9166666666666665,4.833333333333333,2.9166666666666665,1.9166666666666667,4.166666666666667,3.230769230769231,4,3.5,22,Man
2.4166666666666665,3.75,3.1666666666666665,3.75,3.25,3.423076923076923,4.176470588235294,2,24,Prefer not to answer
3.25,3.3333333333333335,3.3333333333333335,3.0833333333333335,2.8333333333333335,3.6153846153846154,4.352941176470588,4,26,Man
NA,NA,NA,NA,NA,3.923076923076923,3.7058823529411766,3.85,22,Man
NA,NA,NA,NA,NA,3.5384615384615383,4.470588235294118,3.6,25,Woman
3.25,2.9166666666666665,3.8333333333333335,3.6666666666666665,4.166666666666667,3.3846153846153846,3.4705882352941178,3.8,31,Woman
NA,NA,NA,NA,NA,3.3076923076923075,3.411764705882353,3.76,23,Man
NA,NA,NA,NA,NA,2.9615384615384617,3.176470588235294,3.1,23,Woman
NA,NA,NA,NA,NA,3.423076923076923,3.6470588235294117,3.2,23,Woman
2.9166666666666665,2.5833333333333335,2.6666666666666665,3.3333333333333335,2.5833333333333335,3.8846153846153846,4.529411764705882,3.8,25,Man
2.8333333333333335,3,2.5,2.9166666666666665,3,3.730769230769231,3.235294117647059,3.9,20,Man
NA,NA,NA,NA,NA,3.3076923076923075,4.0588235294117645,3,22,Man
NA,NA,NA,NA,NA,3.6153846153846154,2.176470588235294,3.25,23,Woman
3.6666666666666665,3.8333333333333335,4.833333333333333,2.4166666666666665,3.9166666666666665,3.6153846153846154,4,3.8,60,Woman
NA,NA,NA,NA,NA,3.5,3.823529411764706,3.2,25,Woman
2.5,4.083333333333333,4.916666666666667,2.0833333333333335,4.666666666666667,3.8461538461538463,4.352941176470588,3.8,21,Man
3.25,3.6666666666666665,4,3.6666666666666665,4.333333333333333,3,3.235294117647059,3.5,22,Woman
3.4166666666666665,3.4166666666666665,4,2.0833333333333335,3.1666666666666665,3.269230769230769,3.3529411764705883,3.3,21,Man
1.25,2.9166666666666665,2.5833333333333335,3.3333333333333335,2.5833333333333335,3,3.8823529411764706,3,40,Woman
2.6666666666666665,3.75,3.8333333333333335,3.8333333333333335,4.333333333333333,4.230769230769231,3.235294117647059,3.4,21,Man
NA,NA,NA,NA,NA,3.1923076923076925,3.1176470588235294,3.7,26,Woman
4.166666666666667,4.333333333333333,4.833333333333333,2.75,4,3.730769230769231,4.470588235294118,3.75,58,Man
NA,NA,NA,NA,NA,2.8846153846153846,3.7058823529411766,3.24,25,Woman
3.4166666666666665,3.9166666666666665,3.8333333333333335,2.0833333333333335,3.5,3.5384615384615383,4.117647058823529,3.45,22,Woman
3.75,3.4166666666666665,3,2.6666666666666665,2.75,3.076923076923077,2.2941176470588234,3.6,40,Prefer not to answer
NA,NA,NA,NA,NA,3.1538461538461537,3.8823529411764706,3,NA,Woman
3.5833333333333335,3.1666666666666665,4.083333333333333,1.9166666666666667,3,3.730769230769231,4.117647058823529,3,22,Man
3.8333333333333335,2.8333333333333335,3.5,2.6666666666666665,3.4166666666666665,3.0384615384615383,3,3.8,21,Man
3.5833333333333335,3.3333333333333335,3.5833333333333335,3.1666666666666665,3.8333333333333335,3.6923076923076925,4.352941176470588,3.9,21,Woman
3.5833333333333335,3.6666666666666665,4.666666666666667,4,3.8333333333333335,2.6153846153846154,3.588235294117647,3.8,18,Woman
3.0833333333333335,4.833333333333333,4.333333333333333,1.8333333333333333,2.6666666666666665,3.8076923076923075,4.529411764705882,3.8,21,Woman
3.8333333333333335,4.416666666666667,4.083333333333333,2.6666666666666665,3.0833333333333335,3.230769230769231,3.2941176470588234,3.5,25,Man
NA,NA,NA,NA,NA,3.1923076923076925,3.764705882352941,3.5,22,Man
NA,NA,NA,NA,NA,3.576923076923077,2.8823529411764706,3.4,28,Woman
3.75,2.9166666666666665,4.416666666666667,NA,NA,3.769230769230769,4.117647058823529,3,36,Woman
2.3333333333333335,4.25,3.4166666666666665,3,4.75,3.076923076923077,3.8823529411764706,3.77,31,Woman
NA,NA,NA,NA,NA,4.230769230769231,3.2941176470588234,3.5,25,Woman
NA,NA,NA,NA,NA,4.153846153846154,3.823529411764706,3.5,25,Man
3.75,3.8333333333333335,3.5833333333333335,2.8333333333333335,5,4,4.411764705882353,3.9,21,Woman
NA,NA,NA,NA,NA,3.730769230769231,3.2941176470588234,3.6,20,Man
NA,NA,NA,NA,NA,3.3846153846153846,2.4705882352941178,3.7,34,Man
NA,NA,NA,NA,NA,3.076923076923077,3.3529411764705883,3.5,20,Woman
3,3.4166666666666665,4.333333333333333,2.5833333333333335,4.583333333333333,3.923076923076923,3.4705882352941178,3.3,26,Woman
NA,NA,NA,NA,NA,3.6923076923076925,4,NA,63,Man
NA,NA,NA,NA,NA,2.923076923076923,NA,3.5,19,Man
NA,NA,NA,NA,NA,4.346153846153846,3.8823529411764706,3.2,28,Man
3.4166666666666665,3.4166666666666665,3.75,3,3.4166666666666665,3.576923076923077,3,4,31,Man
4.25,4.416666666666667,4.333333333333333,3.25,4.666666666666667,3.3461538461538463,3.8823529411764706,3.5,25,Man
NA,NA,NA,NA,NA,3.8076923076923075,3.411764705882353,3.44,18,Woman
NA,NA,NA,NA,NA,NA,3.764705882352941,3.5,25,Man
NA,NA,NA,NA,NA,4.346153846153846,4.0588235294117645,3.6,65,Man
NA,NA,NA,NA,NA,3.6538461538461537,2.9411764705882355,3,22,Man
NA,NA,NA,NA,NA,2.8846153846153846,2.764705882352941,3.9,22,Man
NA,NA,NA,NA,NA,3.8076923076923075,4.529411764705882,3.5,22,Man
NA,NA,NA,NA,NA,3.5384615384615383,3.3529411764705883,3.2,22,Woman
NA,NA,NA,NA,NA,3.230769230769231,2.8823529411764706,3.5,28,Man
NA,NA,NA,NA,NA,3.3846153846153846,4.235294117647059,3.8,21,Woman
2.5833333333333335,2.8333333333333335,2.5833333333333335,3.75,2.4166666666666665,2.769230769230769,4.411764705882353,3.3,26,Man
NA,NA,NA,NA,NA,3.5,2.6470588235294117,3.4,43,Man
NA,NA,NA,NA,NA,2.6923076923076925,3.0588235294117645,3.8,20,Woman
3,3.1666666666666665,NA,2.25,3.1666666666666665,3.1923076923076925,3.4705882352941178,2.13,30,Man
3.1666666666666665,4.583333333333333,5,2.6666666666666665,4.5,3.9615384615384617,3.588235294117647,3.4,23,Woman
2.75,3.0833333333333335,3.9166666666666665,3.0833333333333335,3.3333333333333335,3.0384615384615383,3.9411764705882355,3,35,Man
NA,NA,NA,NA,NA,4.1923076923076925,3.9411764705882355,3.7,20,Woman
2.6666666666666665,4.75,4.333333333333333,1.75,3.4166666666666665,3.8461538461538463,4.529411764705882,3.7,21,Woman
NA,NA,NA,NA,NA,3.6923076923076925,2.8823529411764706,3.8,22,Woman
2.6666666666666665,3,2.9166666666666665,2.5833333333333335,NA,3.269230769230769,3.8823529411764706,3.8,21,Man
NA,3.1666666666666665,NA,1.9166666666666667,2.9166666666666665,NA,3.6470588235294117,3.5,25,Man
NA,NA,NA,NA,NA,4.153846153846154,4.352941176470588,3.8,32,Woman
NA,NA,NA,NA,NA,3.1153846153846154,3.8823529411764706,3.5,25,Man
2.3333333333333335,3.1666666666666665,NA,4.25,2.1666666666666665,3.576923076923077,2.4705882352941178,3.9,21,Man
NA,NA,NA,NA,NA,3.1923076923076925,3.5294117647058822,3.5,22,Man
2.75,3.4166666666666665,3.5833333333333335,2.5,3.9166666666666665,3.269230769230769,2.3529411764705883,3.5,38,Woman
NA,NA,NA,NA,NA,2.6538461538461537,2.6470588235294117,3.1,41,Man
3.5,3.5,4.166666666666667,2.75,3.6666666666666665,4.346153846153846,4.352941176470588,2,24,Nobinary or genderqueer
2.8333333333333335,3.6666666666666665,3.5,2.5833333333333335,4.583333333333333,2.923076923076923,4.235294117647059,3.5,35,Man
NA,NA,NA,NA,NA,3.769230769230769,4.294117647058823,3,30,Man
2.9166666666666665,2.8333333333333335,3.0833333333333335,2.75,3,3.576923076923077,4.529411764705882,NA,40,Woman
2.1666666666666665,4.25,4.583333333333333,2.3333333333333335,3.8333333333333335,NA,4.0588235294117645,3.35,23,Man
NA,NA,NA,NA,NA,2.3076923076923075,3.0588235294117645,3,26,Man
NA,NA,NA,NA,NA,4.230769230769231,3.9411764705882355,3,31,Woman
3.75,NA,3.4166666666666665,2.4166666666666665,3.6666666666666665,NA,4.235294117647059,3.5,22,Woman
NA,NA,NA,NA,NA,4.115384615384615,2.8823529411764706,4,30,Woman
4.166666666666667,4.416666666666667,4.166666666666667,1.4166666666666667,5,4,3.8823529411764706,3.6,21,Woman
3.9166666666666665,4.083333333333333,3.9166666666666665,2.9166666666666665,4.416666666666667,NA,4.411764705882353,3,35,Man
NA,NA,NA,NA,NA,3.8076923076923075,4.235294117647059,3.5,35,Man
NA,NA,NA,NA,NA,3.230769230769231,2.1176470588235294,4,21,Woman
3.0833333333333335,4.083333333333333,4.916666666666667,2.3333333333333335,4.083333333333333,3.8461538461538463,4.470588235294118,3.8,20,Woman
NA,NA,NA,NA,NA,3.8461538461538463,3.411764705882353,5,34,Man
3.4166666666666665,3.8333333333333335,3.3333333333333335,3.5,4.666666666666667,4.115384615384615,2.823529411764706,5.2,32,Man
NA,NA,NA,NA,NA,3.3846153846153846,4.294117647058823,4.1,31,Man
2.6666666666666665,3.6666666666666665,3,2.5,4,3.923076923076923,4.352941176470588,3.5,30,Man
2.8333333333333335,3.3333333333333335,4.083333333333333,3.25,4,3.6923076923076925,3.7058823529411766,3,27,Man
NA,NA,NA,NA,NA,3.5384615384615383,1.8235294117647058,3.8,36,Man
NA,NA,NA,NA,NA,3.1153846153846154,2,4.5,35,Man
NA,NA,NA,NA,NA,3.5,3.235294117647059,4,38,Woman
3.1666666666666665,4.166666666666667,4.75,2.8333333333333335,5,4.461538461538462,4.176470588235294,6.2,30,Man
NA,NA,NA,NA,NA,2.8461538461538463,3.0588235294117645,3.5,23,Woman
NA,NA,NA,NA,NA,3.9615384615384617,2.235294117647059,2,30,Woman
3.8333333333333335,3.3333333333333335,4,1.8333333333333333,4.333333333333333,4.230769230769231,4.529411764705882,6,34,Man
NA,NA,NA,NA,NA,3.6153846153846154,3.3529411764705883,4,30,Man
NA,NA,NA,NA,NA,2.6538461538461537,3.588235294117647,5,33,Woman
1.9166666666666667,3.75,2.5,3.1666666666666665,4.666666666666667,2.769230769230769,2.411764705882353,3.5,28,Man
3.1666666666666665,3.0833333333333335,3.4166666666666665,2.75,3.1666666666666665,4.230769230769231,2.823529411764706,4,26,Man
2.8333333333333335,3.9166666666666665,3.75,3,4.833333333333333,3.4615384615384617,4.235294117647059,3.3,27,Man
4.583333333333333,4.25,4.416666666666667,1.3333333333333333,3.5,3.4615384615384617,4.647058823529412,4.2,35,Man
NA,NA,NA,NA,NA,4.153846153846154,4.352941176470588,4,30,Man
NA,NA,NA,NA,NA,2.9615384615384617,3.588235294117647,3.6,44,Man
2.9166666666666665,4,3.5,3.3333333333333335,4.916666666666667,3.0384615384615383,2.823529411764706,3.7,23,Man
NA,NA,NA,NA,NA,3.076923076923077,3.823529411764706,3.6,29,Man
3.25,3.4166666666666665,3.25,2.6666666666666665,3.4166666666666665,4.115384615384615,4.705882352941177,3,26,Man
3.0833333333333335,3,2.75,3.0833333333333335,2.9166666666666665,3.8846153846153846,3.8823529411764706,3.5,54,Man
NA,NA,NA,NA,NA,3.730769230769231,3.4705882352941178,4,24,Man
2.5833333333333335,2.8333333333333335,4,3.0833333333333335,3,3.730769230769231,4.352941176470588,6.8,22,Woman
3.25,4.166666666666667,3.3333333333333335,3.1666666666666665,4,2.923076923076923,3.5294117647058822,3.5,28,Woman
NA,NA,NA,NA,NA,3.8461538461538463,3.823529411764706,3.75,31,Prefer not to answer
3,2.8333333333333335,2.6666666666666665,2.8333333333333335,2.5833333333333335,3.8076923076923075,4.0588235294117645,3.9,32,Man
NA,NA,NA,NA,NA,3.1153846153846154,2.2941176470588234,3,46,Woman
NA,NA,NA,NA,NA,3.423076923076923,3.0588235294117645,3,53,Man
NA,NA,NA,NA,NA,3.3461538461538463,3.411764705882353,3.1,18,Woman
NA,NA,NA,NA,NA,3.1153846153846154,1.4705882352941178,4,27,Man
NA,NA,NA,NA,NA,3.730769230769231,2.411764705882353,4,28,Man
NA,NA,NA,NA,NA,3.5,3.4705882352941178,3,24,Man
3.6666666666666665,3.5833333333333335,3.5833333333333335,2.0833333333333335,3.75,3.6538461538461537,4.117647058823529,3.1,36,Man
NA,NA,NA,NA,NA,4.038461538461538,4.117647058823529,3.5,41,Man
2.5,3.25,3.6666666666666665,3.5833333333333335,3.0833333333333335,3.5,3,3.1,23,Woman
NA,NA,NA,NA,NA,3.8461538461538463,3.3529411764705883,3,44,Woman
2.75,3.0833333333333335,3.25,3.3333333333333335,2.8333333333333335,NA,4.352941176470588,3.7,30,Woman
NA,NA,NA,NA,NA,4.1923076923076925,3.1176470588235294,3.5,28,Man
NA,NA,NA,NA,NA,4.038461538461538,2.5294117647058822,3.5,29,Woman
NA,NA,NA,NA,NA,3.5,NA,3.1,34,Woman
NA,NA,NA,NA,NA,3.6153846153846154,3.8823529411764706,3.7,29,Man
3,NA,2.8333333333333335,3.8333333333333335,3.0833333333333335,3.8076923076923075,4.588235294117647,3.1,34,Man
NA,NA,NA,NA,NA,3.230769230769231,NA,3.4,21,Woman
NA,NA,NA,NA,NA,4.230769230769231,3.8823529411764706,3.45,20,Woman
NA,NA,NA,NA,NA,3.4615384615384617,2.4705882352941178,3.83,20,Woman
NA,NA,NA,NA,NA,3.5,2.7058823529411766,3.2,19,Man
NA,NA,NA,NA,NA,2.5384615384615383,3.0588235294117645,3.7,35,Woman
4,4.5,5,1.75,4.416666666666667,NA,4.117647058823529,3.6,26,Woman
NA,NA,NA,NA,NA,3.769230769230769,3.8823529411764706,3.76,19,Woman
3.9166666666666665,4.083333333333333,4.916666666666667,2.25,NA,4.115384615384615,4.294117647058823,12,55,Man
3.5,3.5833333333333335,3.8333333333333335,3.0833333333333335,2.8333333333333335,4.1923076923076925,3.588235294117647,5,28,Man
2.3333333333333335,3.75,2.9166666666666665,3.25,4.333333333333333,3.3846153846153846,3.5294117647058822,3,25,Man
3.0833333333333335,2.9166666666666665,2.4166666666666665,3.4166666666666665,2.5,3.3461538461538463,3.7058823529411766,3.1,28,Man
NA,NA,NA,NA,NA,3.6538461538461537,3.4705882352941178,5,56,Man
4.083333333333333,3.9166666666666665,4.916666666666667,2.4166666666666665,3.9166666666666665,3.730769230769231,3.6470588235294117,3.4,59,Woman
3.0833333333333335,NA,4.5,1.0833333333333333,4.666666666666667,3.423076923076923,4.294117647058823,4,38,Man
NA,NA,NA,NA,NA,NA,3.5294117647058822,79,43,Woman
NA,NA,NA,NA,NA,NA,4,3,49,Woman
2.1666666666666665,3.25,2.75,2.75,3.4166666666666665,3.8076923076923075,3.7058823529411766,3.4,29,Man
NA,NA,NA,NA,NA,3.9615384615384617,3.1176470588235294,4.5,60,Man
NA,NA,NA,NA,NA,4.076923076923077,3.176470588235294,3.11,19,Woman
NA,NA,NA,NA,NA,4.153846153846154,3.176470588235294,3.52,19,Woman
4.166666666666667,4,4.083333333333333,1.5,4.833333333333333,3.923076923076923,4.588235294117647,3.9,21,Woman
2.75,4.25,3.5,2.5833333333333335,4,3.269230769230769,3.235294117647059,3.38,19,Woman
NA,NA,NA,NA,NA,3.769230769230769,2.823529411764706,3.8,31,Woman
NA,NA,NA,NA,NA,3.8846153846153846,3.3529411764705883,3.4,20,Woman
NA,NA,NA,NA,NA,2.4615384615384617,2,3.84,18,Woman
2.5833333333333335,3.6666666666666665,3.9166666666666665,3.25,3.1666666666666665,3.6153846153846154,3.6470588235294117,3.9,24,Woman
NA,NA,NA,NA,NA,3.076923076923077,4.0588235294117645,3.8,19,Man
NA,NA,NA,NA,NA,3.6153846153846154,3.764705882352941,4,21,Man
NA,NA,NA,NA,NA,2.1538461538461537,2.5294117647058822,2.4,18,Woman
NA,NA,NA,NA,NA,3.423076923076923,3.5294117647058822,3.8,19,Woman
NA,NA,NA,NA,NA,3.5384615384615383,2,2,18,Woman
NA,NA,NA,NA,NA,3.423076923076923,3.235294117647059,3.9,19,Woman
NA,NA,NA,NA,NA,3.076923076923077,2.8823529411764706,4,20,Woman
NA,NA,NA,NA,NA,3.6923076923076925,3.8823529411764706,3.5,19,Woman
NA,NA,NA,NA,NA,3.3076923076923075,2.4705882352941178,3.8,19,Woman
NA,NA,NA,NA,NA,3.4615384615384617,2.8823529411764706,3.74,19,Woman
4.25,4.166666666666667,4.666666666666667,1.4166666666666667,4.666666666666667,4.346153846153846,3.4705882352941178,3.54,23,Woman
NA,NA,NA,NA,NA,3.3846153846153846,3.823529411764706,3.8,20,Woman
NA,NA,NA,NA,NA,3.8076923076923075,2.8823529411764706,3.4,23,Woman
NA,NA,NA,NA,NA,2.6153846153846154,3.6470588235294117,3.37,20,Woman
3.8333333333333335,3.75,4.833333333333333,2.0833333333333335,3.8333333333333335,4.269230769230769,3.8823529411764706,3.4,19,Woman
NA,NA,NA,NA,NA,3,3.4705882352941178,3.72,19,Woman
2.75,4.5,3.1666666666666665,3.4166666666666665,3.4166666666666665,3.6538461538461537,3.823529411764706,3.7,22,Woman
NA,NA,NA,NA,NA,3.6153846153846154,3.5294117647058822,3.93,18,Woman
NA,NA,NA,NA,NA,3.9615384615384617,2.7058823529411766,3.4,23,Woman
3.3333333333333335,2.9166666666666665,3,3.4166666666666665,4.75,3.3076923076923075,3.5294117647058822,3.6,28,Man
NA,NA,NA,NA,NA,3.730769230769231,4.176470588235294,2.7,19,Woman
NA,NA,NA,NA,NA,2.923076923076923,3.2941176470588234,2.23,20,Woman
4.5,3.4166666666666665,3.0833333333333335,2.0833333333333335,4.25,NA,3.6470588235294117,3.39,20,Woman
NA,NA,NA,NA,NA,2.923076923076923,3.176470588235294,3.39,20,Woman
2.5,3.8333333333333335,4.333333333333333,3.4166666666666665,3,4.115384615384615,4.0588235294117645,3.6,19,Woman
NA,NA,NA,NA,NA,3.1923076923076925,3.411764705882353,3.56,19,Woman
NA,NA,NA,NA,NA,3.423076923076923,4.352941176470588,3.3,19,Man
NA,NA,NA,NA,NA,2.8846153846153846,2.588235294117647,3.6,19,Woman
3.5,3.6666666666666665,4.5,2.8333333333333335,4.583333333333333,3.730769230769231,2.8823529411764706,2.7,18,Woman
NA,NA,NA,NA,NA,4.076923076923077,4.470588235294118,3.6,19,Woman
3.6666666666666665,3.3333333333333335,3.1666666666666665,3.4166666666666665,3.5,3,2.764705882352941,3.6,19,Woman
NA,NA,NA,NA,NA,3.3846153846153846,2.9411764705882355,3.72,18,Prefer not to answer
NA,NA,NA,NA,NA,3.769230769230769,3.823529411764706,4,18,Woman
3.6666666666666665,4.166666666666667,4.25,2.0833333333333335,4.083333333333333,3.423076923076923,3,3.4,19,Woman
NA,NA,NA,NA,NA,3.3076923076923075,3.6470588235294117,3.8,20,Woman
NA,NA,NA,NA,NA,3.576923076923077,3.3529411764705883,3.9,19,Woman
NA,NA,NA,NA,NA,3.5384615384615383,3.4705882352941178,3,20,Woman
NA,NA,NA,NA,NA,NA,3.2941176470588234,3.96,20,Nobinary or genderqueer
NA,NA,NA,NA,NA,3.6153846153846154,3.6470588235294117,4,21,Woman
NA,NA,NA,NA,NA,2.923076923076923,3.3529411764705883,3.96,20,Woman
NA,NA,NA,NA,NA,4.038461538461538,3.823529411764706,3.7,20,Woman
NA,NA,NA,NA,NA,4.384615384615385,4.764705882352941,3.75,19,Woman
NA,NA,NA,NA,NA,3.6923076923076925,3.7058823529411766,3.88,18,Woman
3.25,3.25,4.333333333333333,2.6666666666666665,3.3333333333333335,3.769230769230769,3.7058823529411766,3.4,19,Woman
NA,NA,NA,NA,NA,4.115384615384615,4.176470588235294,NA,20,Man
3.3333333333333335,3.4166666666666665,3.9166666666666665,3.3333333333333335,3.3333333333333335,3.730769230769231,3.8823529411764706,3.25,19,Woman
NA,NA,NA,NA,NA,3.5384615384615383,3.6470588235294117,3.5,20,Woman
2.3333333333333335,4.166666666666667,4.833333333333333,2.5833333333333335,4.25,4.115384615384615,2.8823529411764706,4,19,Woman
2.3333333333333335,4,4.666666666666667,2.8333333333333335,4.416666666666667,3.9615384615384617,3.6470588235294117,3.8,19,Man
2.5833333333333335,3.25,3.5,2.75,2.8333333333333335,NA,3.7058823529411766,3.78,20,Woman
NA,NA,NA,NA,NA,3.8461538461538463,2.823529411764706,3.7,20,Woman
NA,NA,NA,NA,NA,4.384615384615385,4.176470588235294,2.6,19,Woman
NA,NA,NA,NA,NA,3.8461538461538463,3.6470588235294117,3.32,24,Woman
1.9166666666666667,4.333333333333333,4.083333333333333,3.5833333333333335,4.75,2.730769230769231,2.176470588235294,3.53,21,Woman
NA,NA,NA,NA,NA,2.6153846153846154,3.8823529411764706,3.53,21,Woman
NA,NA,NA,NA,NA,3.769230769230769,3.764705882352941,2.8,18,Man
3.75,2.5833333333333335,3.5833333333333335,2.5,3.8333333333333335,3.3076923076923075,3.1176470588235294,2.8,18,Man
2.5,3.8333333333333335,4.666666666666667,2.25,3,3.730769230769231,4.294117647058823,4,18,Woman
NA,NA,NA,NA,NA,3.1923076923076925,4.176470588235294,4,18,Woman
2.5,3,2.5,2.6666666666666665,4.5,3.076923076923077,3,3.4,19,Woman
NA,NA,NA,NA,NA,4.5,4.117647058823529,3.8,20,Woman
NA,3.75,2,3.75,3,3.269230769230769,4.470588235294118,3.87,20,Man
2.25,3.25,3.3333333333333335,3.1666666666666665,2.1666666666666665,3.1538461538461537,2.6470588235294117,4,24,Woman
3.8333333333333335,3.9166666666666665,4,3.75,3.25,3.8846153846153846,3.411764705882353,3.8,18,Man
4.166666666666667,4,3.5833333333333335,1.75,4.083333333333333,3.730769230769231,4.588235294117647,3.34,21,Woman
3.4166666666666665,3.5,4.166666666666667,2.75,3.0833333333333335,4.038461538461538,4.588235294117647,3.33,19,Woman
2.4166666666666665,4.666666666666667,3.4166666666666665,2.8333333333333335,4.75,NA,3.1176470588235294,3.43,21,Woman
NA,NA,NA,NA,NA,3.269230769230769,1.8823529411764706,4,18,Woman
2.6666666666666665,3.4166666666666665,3.75,3.6666666666666665,3.4166666666666665,3.1538461538461537,2.7058823529411766,3.9,21,Woman
3,3.25,3.25,2.6666666666666665,3,3.3846153846153846,3.7058823529411766,3.9,21,Woman
NA,NA,NA,NA,NA,4.230769230769231,3.9411764705882355,4,18,Woman
NA,NA,NA,NA,NA,4.076923076923077,3.588235294117647,NA,18,Man
NA,NA,NA,NA,NA,NA,2.2941176470588234,3.68,18,Woman
NA,NA,NA,NA,NA,3.5,3.7058823529411766,3.8,19,Man
2,3,2.8333333333333335,3.75,3.9166666666666665,3.6153846153846154,3.588235294117647,2.7,21,Woman
NA,NA,NA,NA,NA,4.038461538461538,4,3.8,18,Woman
3.3333333333333335,3.9166666666666665,4.166666666666667,2.5,3.4166666666666665,3.6923076923076925,4.176470588235294,3.46,20,Woman
NA,NA,NA,NA,NA,3.769230769230769,3.9411764705882355,4,19,Woman
3.25,3.75,4,3.5833333333333335,3.5,3.3461538461538463,4.647058823529412,3.6,18,Woman
NA,NA,NA,NA,NA,4.346153846153846,4.705882352941177,3.65,19,Woman
NA,NA,NA,NA,NA,4.115384615384615,4.117647058823529,3.47,18,Woman
NA,NA,NA,NA,NA,2.8076923076923075,2.8823529411764706,3.7,20,Woman
3.4166666666666665,4.25,4.916666666666667,1.5,4.75,4.230769230769231,4.352941176470588,3.5,20,Woman
2.5833333333333335,2.75,2.75,4.416666666666667,3.25,3.1923076923076925,2.5294117647058822,3.05,19,Woman
2.8333333333333335,3.25,2.75,3.6666666666666665,3.8333333333333335,2.8076923076923075,2.6470588235294117,3.78,18,Woman
3.25,3.0833333333333335,2.8333333333333335,3.3333333333333335,3.4166666666666665,3.230769230769231,3.235294117647059,3.86,19,Woman
2.3333333333333335,4,4.083333333333333,2.4166666666666665,4.833333333333333,3.5,3.764705882352941,3.8,19,Woman
NA,NA,NA,NA,NA,3.3846153846153846,2.0588235294117645,3,28,Woman
3.75,3.25,4,1.8333333333333333,3.6666666666666665,3.923076923076923,4.235294117647059,3.2,18,Woman
2.5833333333333335,3,3.4166666666666665,2.6666666666666665,3.25,3.923076923076923,4.529411764705882,3.53,21,Woman
NA,NA,NA,NA,NA,4.346153846153846,3.411764705882353,2.6,21,Woman
3.25,3.25,4.333333333333333,3.4166666666666665,4.083333333333333,3.6923076923076925,3.2941176470588234,3.5,18,Woman
3.8333333333333335,4.916666666666667,4.583333333333333,1.9166666666666667,3.75,NA,3.588235294117647,4,19,Woman
NA,NA,NA,NA,NA,2.6153846153846154,2.764705882352941,3.8,19,Woman
NA,NA,NA,NA,NA,3.576923076923077,3.823529411764706,2.6,21,Woman
3.3333333333333335,3.5,3.75,2.5,3.0833333333333335,3.6923076923076925,3.9411764705882355,3.65,20,Woman
NA,NA,NA,NA,NA,3.8461538461538463,4.647058823529412,3,18,Woman
2.9166666666666665,2.6666666666666665,3.0833333333333335,2.8333333333333335,2.6666666666666665,3.6153846153846154,4.352941176470588,3.58,22,Woman
NA,NA,NA,NA,NA,3.0384615384615383,4.176470588235294,3.5,19,Woman
NA,NA,NA,NA,NA,3.769230769230769,2.9411764705882355,3.8,19,Woman
NA,NA,NA,NA,NA,2.8076923076923075,2.0588235294117645,3.09,21,Woman
NA,NA,NA,NA,NA,3.3846153846153846,4.588235294117647,3.9,21,Woman
NA,NA,NA,NA,NA,3.3076923076923075,3.7058823529411766,3.74,18,Woman
3.6666666666666665,4,4.75,NA,3.9166666666666665,3.6538461538461537,3.6470588235294117,2.61,19,Woman
NA,NA,NA,NA,NA,3.730769230769231,3.2941176470588234,3.91,19,Woman
3.3333333333333335,3.4166666666666665,3,3.3333333333333335,3.5,3.5384615384615383,3.9411764705882355,3,18,Man
NA,NA,NA,NA,NA,2.730769230769231,3.1176470588235294,2.7,21,Man
NA,NA,NA,NA,NA,4.1923076923076925,4.0588235294117645,3.3,19,Woman
3.3333333333333335,3.0833333333333335,4,3.5833333333333335,3,3.576923076923077,3.823529411764706,NA,22,Woman
2.9166666666666665,3,3,2.9166666666666665,2.6666666666666665,3.3461538461538463,4,3.54,20,Woman
3,4.916666666666667,5,2.5,5,3.923076923076923,3.8823529411764706,4,18,Man
NA,NA,NA,NA,NA,4.153846153846154,3.5294117647058822,3.7,19,Woman
2.8333333333333335,2.9166666666666665,4.25,1.9166666666666667,4,3.423076923076923,2.8823529411764706,4,19,Man
2.8333333333333335,4.75,4.416666666666667,1.8333333333333333,3.6666666666666665,3.923076923076923,3.3529411764705883,2.8,21,Prefer not to answer
NA,NA,NA,NA,NA,3.6923076923076925,3.9411764705882355,2.8,21,Prefer not to answer
1.8333333333333333,3.75,3.5833333333333335,3.25,4,3.8461538461538463,4.176470588235294,3.5,19,Woman
3.6666666666666665,4.416666666666667,5,1.8333333333333333,4.833333333333333,3.1538461538461537,3.823529411764706,3.8,18,Woman
NA,NA,NA,NA,NA,3.3461538461538463,2.588235294117647,3.5,19,Woman
NA,NA,NA,NA,NA,3.076923076923077,3,3.7,20,Man
NA,NA,NA,NA,NA,4.115384615384615,4.411764705882353,2.8,23,Woman
NA,NA,NA,NA,NA,3.923076923076923,3.3529411764705883,4,19,Woman
3.1666666666666665,2.9166666666666665,3.5,2.8333333333333335,3.25,3.423076923076923,3.7058823529411766,2.8,23,Woman
NA,NA,NA,NA,NA,3.769230769230769,3.7058823529411766,4,19,Woman
2.9166666666666665,3,4.416666666666667,2.1666666666666665,3,3,4.235294117647059,3.7,19,Man
2.5,3.9166666666666665,2.75,2.6666666666666665,3.1666666666666665,3.3461538461538463,3.235294117647059,4,18,Woman
4.25,4.166666666666667,4.083333333333333,1.75,4.083333333333333,4.230769230769231,4.352941176470588,3.93,20,Man
NA,NA,NA,NA,NA,3.9615384615384617,3.176470588235294,3.7,18,Man
NA,NA,NA,NA,NA,2.923076923076923,2.7058823529411766,3.72,18,Woman
1.5833333333333333,3.5833333333333335,4,3.25,2.8333333333333335,3.769230769230769,3.8823529411764706,2.79,20,Man
4,3.8333333333333335,3.4166666666666665,2.25,3.1666666666666665,3.6153846153846154,4.705882352941177,3.7,19,Nobinary or genderqueer
3.5,3.3333333333333335,3.3333333333333335,3,2.9166666666666665,3.5384615384615383,4.588235294117647,3.85,19,Woman
4.833333333333333,3.8333333333333335,3.3333333333333335,2.3333333333333335,4.083333333333333,3.269230769230769,3.4705882352941178,3,20,Woman
NA,NA,NA,NA,NA,4.1923076923076925,3.5294117647058822,3.8,19,Gender Fluid
3.1666666666666665,3.75,4.333333333333333,2.5,2.6666666666666665,3.230769230769231,3.8823529411764706,3.5,18,Woman
NA,NA,NA,NA,NA,3.6153846153846154,2.7058823529411766,3.4,20,Woman
NA,NA,NA,NA,NA,2.8076923076923075,4,2.7,19,Man
NA,NA,NA,NA,NA,4.3076923076923075,4.0588235294117645,3.33,21,Woman
3.1666666666666665,3.25,4.583333333333333,2.0833333333333335,4.166666666666667,3.9615384615384617,3.411764705882353,3.2,20,Man
NA,NA,NA,NA,NA,3.6538461538461537,3.235294117647059,3.6,19,Man
NA,NA,NA,NA,NA,3.1153846153846154,2.2941176470588234,3.5,23,Woman
NA,NA,NA,NA,NA,3.1153846153846154,3.6470588235294117,3.28,19,Woman
NA,NA,NA,NA,NA,3.923076923076923,3.1176470588235294,3.6,18,Man
2.3333333333333335,4.083333333333333,3.1666666666666665,2.4166666666666665,2.8333333333333335,3.076923076923077,3.823529411764706,3.4,18,Genderfluid
NA,NA,NA,NA,NA,3.5384615384615383,3.9411764705882355,2.8,20,Woman
2.25,3.9166666666666665,3.5833333333333335,2.5833333333333335,2.6666666666666665,2.5384615384615383,4.235294117647059,3.86,18,Man
2.5,4.166666666666667,2.75,3,4.5,3.4615384615384617,3.588235294117647,3.8,19,Woman
3.6666666666666665,4.25,5,1.5,4.416666666666667,4.3076923076923075,4.0588235294117645,3.2,19,Man
3.1666666666666665,5,4.25,2.3333333333333335,4.083333333333333,3.730769230769231,4.529411764705882,3.4,19,Woman
NA,NA,NA,NA,NA,2.8076923076923075,3.411764705882353,3.6,19,Woman
NA,NA,NA,NA,NA,3.8461538461538463,3.0588235294117645,3.4,18,Woman
NA,NA,NA,NA,NA,3.8846153846153846,3.2941176470588234,3.8,18,Man
NA,NA,NA,NA,NA,3.269230769230769,3.6470588235294117,3.6,19,Man
NA,NA,NA,NA,NA,3.5,3,4,19,Woman
NA,NA,NA,NA,NA,NA,2.8823529411764706,3,19,Woman
2.3333333333333335,3.1666666666666665,4.166666666666667,2.6666666666666665,3.0833333333333335,3.3846153846153846,3.176470588235294,3.38,19,Man
3,3.0833333333333335,3.0833333333333335,3.9166666666666665,3,3.3461538461538463,4.647058823529412,3.33,21,Woman
2.1666666666666665,3.5,4.166666666666667,3.8333333333333335,4.25,4.038461538461538,3.764705882352941,3.79,19,Woman
NA,NA,NA,NA,NA,3.730769230769231,4.294117647058823,4,18,Woman
2.8333333333333335,3.0833333333333335,3.0833333333333335,3,3.3333333333333335,3.3076923076923075,3.7058823529411766,3.5,19,Man
NA,NA,NA,NA,NA,3.5,3.7058823529411766,3.9,20,Woman
2.6666666666666665,4.25,3.1666666666666665,2.5,4.416666666666667,NA,2.823529411764706,3.4,19,Woman
1.6666666666666667,3.25,3.1666666666666665,NA,4.833333333333333,3.6923076923076925,3.176470588235294,3.7,18,Woman
NA,NA,NA,NA,NA,3.5384615384615383,3.764705882352941,2.9,20,Man
NA,NA,NA,NA,NA,3.9615384615384617,4.117647058823529,3.1,24,Man
3.9166666666666665,3.6666666666666665,3.4166666666666665,3.4166666666666665,4.583333333333333,3.230769230769231,3.764705882352941,3.71,22,Woman
NA,NA,NA,NA,NA,4.230769230769231,3.764705882352941,NA,20,Woman
3.9166666666666665,4.166666666666667,4,2.25,3.3333333333333335,4,3.8823529411764706,3,32,Woman
4.166666666666667,4.083333333333333,3.4166666666666665,2.8333333333333335,3.9166666666666665,3.8846153846153846,4.352941176470588,3.71,21,Woman
3.5833333333333335,NA,4.583333333333333,2.9166666666666665,4.5,2.8076923076923075,3.8823529411764706,3.71,21,Woman
3.8333333333333335,3.25,2.9166666666666665,2.9166666666666665,2.75,3.8461538461538463,4.176470588235294,2.98,21,Man
4.083333333333333,4.25,3.9166666666666665,1.5,4.583333333333333,4.1923076923076925,4.294117647058823,3.85,19,Woman
NA,NA,NA,NA,NA,3.1538461538461537,3.7058823529411766,3,21,Woman
4.166666666666667,3.8333333333333335,3.25,2.25,3,3.4615384615384617,3.3529411764705883,2,19,Man
3,3.1666666666666665,3.5,2.9166666666666665,3.0833333333333335,3.6153846153846154,4.588235294117647,3.7,18,Man
NA,NA,NA,NA,NA,3.269230769230769,2.6470588235294117,4,18,Woman
3.1666666666666665,4.583333333333333,4.583333333333333,1.5833333333333333,5,4.384615384615385,4.294117647058823,3.5,19,Woman
NA,NA,NA,NA,NA,3.230769230769231,3.764705882352941,3.86,20,Woman
3.75,2.8333333333333335,3.75,2.5833333333333335,4,2.8846153846153846,2.7058823529411766,4,29,Woman
NA,NA,NA,NA,NA,3.730769230769231,2.9411764705882355,3.7,19,Man
4.166666666666667,4.333333333333333,4,2.1666666666666665,4.5,3.6923076923076925,3.9411764705882355,3.71,20,Woman
NA,NA,NA,NA,NA,3.769230769230769,3.764705882352941,3.6,19,Woman
NA,NA,NA,NA,NA,3.269230769230769,3.823529411764706,3.6,19,Woman
NA,NA,NA,NA,NA,3.4615384615384617,3.0588235294117645,3.71,21,Woman
NA,NA,NA,NA,NA,3.269230769230769,3.588235294117647,3.6,31,Woman
NA,NA,NA,NA,NA,3.8461538461538463,3.235294117647059,3.72,19,Woman
NA,NA,NA,NA,NA,3.4615384615384617,3.3529411764705883,2.97,19,Woman
NA,NA,NA,NA,NA,3.230769230769231,NA,3.61,20,Woman
3.6666666666666665,4.833333333333333,4.333333333333333,3.1666666666666665,3.1666666666666665,3.769230769230769,4.0588235294117645,3,21,Woman
NA,NA,NA,NA,NA,2.8846153846153846,3.6470588235294117,3.6,18,Woman
4.083333333333333,3.6666666666666665,4.083333333333333,2.8333333333333335,4.166666666666667,3.6538461538461537,3.5294117647058822,3.92,18,Woman
NA,NA,NA,NA,NA,3.5,3.2941176470588234,3.7,19,Man
2,2.25,3.1666666666666665,2.9166666666666665,3.6666666666666665,3.3461538461538463,3.5294117647058822,3.66,20,Woman
NA,NA,NA,NA,NA,3.8846153846153846,2.411764705882353,3.16,20,Man
3.5,3.3333333333333335,3.3333333333333335,2.4166666666666665,3.0833333333333335,3.730769230769231,4.176470588235294,3.56,18,Man
3.0833333333333335,3.5833333333333335,3,2.4166666666666665,3.5833333333333335,3.6153846153846154,4.764705882352941,3.95,18,Woman
NA,NA,NA,NA,NA,3.730769230769231,4.588235294117647,3.2,20,Woman
3.5833333333333335,3,4.25,1.9166666666666667,3.6666666666666665,3.8461538461538463,3.588235294117647,2.8,38,Woman
NA,NA,NA,NA,NA,3.9615384615384617,3.411764705882353,3.1,21,Woman
NA,NA,NA,NA,NA,4.5,4.470588235294118,3.4,20,Man
2.25,3.1666666666666665,3.3333333333333335,3.75,3.25,2.6923076923076925,2.411764705882353,3.1,21,Woman
NA,NA,NA,NA,NA,3.1538461538461537,3.5294117647058822,3.5,22,Woman
NA,NA,NA,NA,NA,3,3.3529411764705883,3.56,22,Woman
4.333333333333333,4.416666666666667,5,2.4166666666666665,4,3.8076923076923075,3.6470588235294117,3.92,18,Woman
NA,NA,NA,NA,NA,3.9615384615384617,2.588235294117647,3.92,18,Woman
2.3333333333333335,2.5,3.4166666666666665,2.6666666666666665,3.4166666666666665,3.576923076923077,2.176470588235294,3.15,18,Woman
2.75,2.9166666666666665,2.8333333333333335,2.9166666666666665,4.5,3.5,2.7058823529411766,2,19,Woman
NA,NA,NA,NA,NA,3.230769230769231,4.235294117647059,3.76,19,Woman
NA,NA,NA,NA,NA,3.423076923076923,2.823529411764706,3.2,19,Woman
NA,NA,NA,NA,NA,4,4.470588235294118,4,18,Woman
3.3333333333333335,2.75,2.9166666666666665,2.4166666666666665,2.4166666666666665,3.5384615384615383,4,3,21,Woman
NA,NA,NA,NA,NA,3.730769230769231,3.7058823529411766,3.85,20,Man
NA,NA,NA,NA,NA,3.923076923076923,4.176470588235294,3.87,18,Woman
NA,NA,NA,NA,NA,NA,2.764705882352941,3.34,21,Man
3.9166666666666665,4.333333333333333,4.583333333333333,1.75,4.666666666666667,3.0384615384615383,4.0588235294117645,3.34,21,Man
3.75,4.166666666666667,3.5,1.6666666666666667,NA,3.423076923076923,3.764705882352941,3.5,19,Woman
NA,NA,NA,NA,NA,3.769230769230769,3.4705882352941178,3.1,25,Man
NA,NA,NA,NA,NA,3.3846153846153846,2.8823529411764706,4,19,Woman
4.25,4.333333333333333,4.416666666666667,2.0833333333333335,3.5833333333333335,3.423076923076923,3.3529411764705883,3.7,19,Woman
3.6666666666666665,3.6666666666666665,4.416666666666667,2,3.5,3.8846153846153846,4.411764705882353,3.7,20,Nobinary or genderqueer
NA,NA,NA,NA,NA,4.115384615384615,4.882352941176471,3.5,19,Woman
NA,NA,NA,NA,NA,3.3461538461538463,3.6470588235294117,3.4,20,Woman
3.5,3.8333333333333335,4.583333333333333,1.8333333333333333,4.5,4.153846153846154,4.352941176470588,3.34,20,Woman
NA,NA,NA,NA,NA,3.3076923076923075,3.6470588235294117,2.65,27,Woman
NA,NA,NA,NA,NA,3.5,3.9411764705882355,3.69,19,Woman
3.9166666666666665,4.333333333333333,3.0833333333333335,2.5,3.5,3.769230769230769,3.823529411764706,3.82,25,Man
NA,NA,NA,NA,NA,3.1153846153846154,3.5294117647058822,4,19,Woman
NA,NA,NA,NA,NA,2.923076923076923,3.3529411764705883,3.64,21,Woman
2.75,3.1666666666666665,3,2.9166666666666665,2.8333333333333335,3.423076923076923,NA,3.8,18,Woman
NA,NA,NA,NA,NA,NA,3.235294117647059,2,19,Woman
2.5,4.083333333333333,3.5833333333333335,2.5,4.5,3.576923076923077,3,2,19,Woman
3.3333333333333335,3.25,3.4166666666666665,NA,NA,3.3076923076923075,4.0588235294117645,3.8,18,Woman
NA,NA,NA,NA,NA,2.9615384615384617,3.6470588235294117,3.94,19,Woman
3,4.416666666666667,4.916666666666667,2.5833333333333335,3.4166666666666665,3.6153846153846154,4,3.5,19,Woman
3.1666666666666665,4.5,5,3.0833333333333335,5,4.038461538461538,2.764705882352941,3.54,18,Man
2.9166666666666665,3.1666666666666665,3.5833333333333335,2.25,3.0833333333333335,3.8076923076923075,4.647058823529412,3.7,18,Man
NA,NA,NA,NA,NA,3.6923076923076925,3.588235294117647,3.2,19,Man
NA,NA,NA,NA,NA,4,3.7058823529411766,3.25,21,Woman
NA,NA,NA,NA,NA,2.769230769230769,4.647058823529412,3.7,20,Woman
3.75,4.083333333333333,4.083333333333333,1.6666666666666667,3.5833333333333335,3.076923076923077,2.7058823529411766,4,18,Woman
3.4166666666666665,2.8333333333333335,3.3333333333333335,3.1666666666666665,3.75,3.5,3.764705882352941,3.4,23,Man
NA,NA,NA,NA,NA,4,4.117647058823529,3.54,21,Woman
