Age,Gender,Ethnicity,Language,Income,health1,health2,health3,health4,health5,health6,health7,health8,health9,health10,health11,health12,health13,health14,health15,health16,health17,health18,health19,health20,health21,health22,health23,health24,health25,health26,work1,work2,work3,work4,work5,work6,work7,work8,work9,work10,work11,work12,work13,work14,work15,work16,work17
25,1,6,2,6,4,4,1,1,4,4,2,5,5,3,1,1,1,3,3,2,3,2,4,3,5,4,3,4,5,5,1,2,3,4,4,4,5,4,4,4,3,2,4,2,3,2,2
25,1,6,2,6,3,5,3,1,5,5,4,5,4,2,1,4,5,3,3,3,2,2,4,1,2,5,2,5,5,5,3,4,4,2,2,3,2,4,4,5,4,2,2,3,3,3,2
21,1,6,1,2,4,5,5,5,5,4,5,4,2,1,2,1,5,5,5,4,4,5,2,5,5,4,5,2,5,5,2,3,5,5,5,4,3,4,4,5,5,4,5,4,2,4,3
20,1,1,1,6,5,2,1,3,4,4,1,5,1,1,2,2,4,4,3,5,4,3,2,4,4,5,3,2,5,5,2,3,4,4,4,2,3,2,2,4,3,1,4,3,2,2,1
23,1,7,1,1,1,1,3,3,2,1,1,4,2,1,1,1,5,3,3,1,5,2,5,5,5,3,1,2,2,1,1,1,3,1,2,3,5,1,1,1,4,4,4,2,1,3,1
21,3,1,1,6,2,1,4,5,5,4,4,5,5,4,1,2,5,4,4,2,5,5,2,5,5,5,4,5,4,2,2,4,5,5,5,4,4,5,5,5,5,5,5,5,2,4,5
20,1,1,1,5,5,4,2,5,5,5,5,2,5,1,5,4,5,5,4,5,3,4,2,5,5,5,5,5,1,5,4,3,3,5,4,5,5,3,3,4,4,5,5,5,5,5,4
19,2,2,1,4,2,4,1,1,1,4,2,4,1,3,1,1,4,1,4,4,5,4,1,5,3,3,4,2,2,2,1,1,5,1,1,1,2,1,2,2,1,2,1,1,1,1,1
23,1,1,1,3,4,1,4,2,1,4,1,4,5,1,4,1,4,1,2,4,2,2,1,1,1,1,2,2,5,5,2,2,2,2,2,3,4,4,4,5,4,2,2,2,2,2,2
18,1,3,2,4,2,2,5,4,3,4,1,5,5,3,2,3,2,4,2,4,3,2,5,5,5,5,2,1,2,2,4,4,2,5,2,4,4,5,5,5,5,2,3,3,5,4,3
18,1,1,1,6,5,2,5,5,5,5,5,5,3,1,1,3,5,5,5,4,4,2,2,5,5,5,5,5,5,5,5,4,4,2,4,4,2,5,5,5,5,2,4,4,3,5,3
19,1,7,2,3,5,5,3,4,5,4,2,5,5,5,2,5,5,3,3,2,5,3,3,4,5,3,5,2,5,5,2,2,5,4,4,3,5,5,3,5,5,3,1,4,2,2,3
19,1,1,1,6,5,1,5,5,5,1,5,5,4,2,5,2,5,4,4,4,1,4,1,1,5,2,5,1,5,5,2,2,4,4,3,4,3,4,5,4,3,1,4,4,1,3,3
19,1,1,1,5,3,4,4,5,4,4,2,5,4,4,4,2,5,5,5,4,5,3,2,5,5,3,4,2,5,5,4,4,5,4,4,4,2,4,4,4,4,2,3,3,2,2,3
19,1,7,1,6,4,4,5,4,2,2,1,5,2,4,4,1,5,4,5,5,4,4,1,2,4,2,4,1,5,2,2,2,4,2,4,2,2,4,3,4,4,1,1,1,1,2,2
18,1,1,1,4,4,4,4,4,4,5,1,4,1,1,4,2,4,2,2,3,5,5,5,5,5,2,5,5,5,5,1,1,4,3,4,2,2,2,2,4,4,4,4,4,2,4,2
19,2,2,1,3,3,4,2,4,3,4,1,2,1,1,2,4,5,4,3,2,3,4,2,5,4,3,4,5,5,5,2,3,5,4,5,4,4,4,4,5,4,2,2,2,4,3,2
18,1,3,2,2,4,3,1,1,2,4,1,5,3,4,1,1,1,1,1,1,2,3,2,4,5,4,5,4,5,5,1,1,4,2,4,2,4,4,4,4,5,1,1,1,1,1,1
31,1,6,2,4,5,5,5,2,5,4,4,5,5,1,3,5,5,5,4,5,5,3,4,5,5,5,5,2,5,5,3,4,4,5,4,4,3,4,5,5,5,4,5,3,2,3,4
20,1,6,2,2,1,1,1,1,1,1,1,1,4,1,1,3,2,3,2,1,4,5,5,4,4,3,4,5,5,5,2,3,5,5,5,5,4,5,5,5,5,5,5,5,5,5,5
20,1,6,2,2,1,1,1,1,1,1,1,1,4,1,1,3,2,4,1,1,4,5,5,4,4,2,5,5,5,5,2,5,5,5,5,5,4,5,5,5,5,5,5,5,5,5,5
18,1,6,2,4,4,4,2,2,4,4,4,2,2,2,4,3,4,3,4,4,2,2,4,4,5,5,4,4,5,5,4,4,5,5,4,5,3,5,4,5,4,5,5,5,4,5,4
19,1,6,1,4,4,4,4,4,2,2,3,5,4,2,2,1,5,3,2,1,2,3,2,2,4,3,4,4,5,5,4,2,4,2,4,3,5,4,4,4,3,2,2,3,1,2,3
22,1,1,1,3,4,1,1,2,4,2,4,3,1,1,1,3,1,3,2,4,2,2,2,5,5,3,1,2,2,4,4,2,4,4,5,4,3,5,5,5,5,2,2,4,2,3,3
23,1,7,1,6,5,5,2,2,4,5,4,5,4,5,5,5,5,5,4,5,3,1,2,3,4,4,1,5,5,5,2,2,5,4,4,2,5,5,4,4,3,3,2,2,1,2,1
19,1,1,1,5,3,5,5,5,5,5,4,3,5,1,5,4,4,3,4,4,5,5,5,5,5,5,5,5,5,5,4,3,5,4,5,3,2,5,5,5,5,4,3,2,5,5,3
19,2,1,1,4,5,2,4,5,5,5,4,5,1,1,4,2,1,3,3,2,3,2,5,5,5,5,5,5,5,5,3,3,5,5,4,4,5,5,5,5,5,4,4,5,5,5,3
20,1,1,1,5,3,2,2,2,4,2,2,4,1,4,2,1,2,3,3,4,3,4,2,5,4,4,4,1,5,5,3,2,4,2,4,2,3,3,3,3,3,1,1,2,1,2,2
20,1,1,1,6,1,2,5,5,5,1,5,4,5,1,5,5,5,5,5,5,5,4,5,5,5,5,5,4,4,5,1,1,4,4,5,2,5,5,5,5,5,4,2,4,2,4,4
20,1,1,1,5,4,2,2,2,4,2,2,3,1,3,2,1,2,4,3,4,4,4,2,4,3,4,2,1,5,5,3,2,4,2,4,3,3,3,3,4,3,1,1,3,2,3,3
37,1,1,1,4,3,4,4,2,2,2,2,2,4,1,5,3,5,5,5,5,4,4,2,4,4,3,3,5,2,1,5,4,4,5,4,4,3,5,5,5,5,3,4,5,4,5,5
18,1,6,2,2,1,4,1,1,4,4,1,2,1,1,4,5,1,1,4,1,5,2,5,1,5,5,1,5,5,5,5,4,5,2,5,5,1,5,5,5,5,5,4,5,4,5,4
22,1,6,2,1,3,4,1,1,3,4,3,3,1,3,4,3,4,2,3,1,3,4,1,5,5,5,5,3,2,5,3,1,2,1,1,1,4,4,5,4,5,1,2,1,1,1,1
18,1,7,1,6,4,5,5,5,4,4,4,4,5,4,4,5,5,4,5,5,3,2,2,2,5,3,3,2,4,4,1,2,4,3,4,3,4,3,2,4,4,2,3,3,2,3,2
20,1,7,1,4,4,5,4,2,5,4,1,4,5,5,4,5,5,5,5,5,2,1,2,5,4,4,2,5,4,5,4,3,4,4,4,4,4,5,5,5,4,3,2,2,1,3,4
20,1,7,1,1,5,5,5,5,5,5,1,5,1,5,4,1,5,2,4,2,4,2,1,2,5,5,5,1,1,5,1,2,4,4,4,4,4,3,2,3,2,2,2,2,1,2,1
26,1,1,1,1,5,4,5,5,5,5,5,5,1,1,1,5,5,1,4,5,5,5,2,5,5,5,4,4,5,5,2,4,5,4,4,2,5,4,5,5,5,4,2,4,5,4,4
18,1,1,1,6,3,2,4,4,4,4,4,4,4,2,4,2,4,4,3,5,4,2,2,3,4,3,2,2,4,3,2,2,2,1,2,2,4,4,4,4,4,3,2,2,2,3,2
21,1,1,1,3,4,2,4,4,4,4,2,4,5,2,2,2,4,2,2,2,2,2,2,3,4,2,2,2,2,5,2,1,4,1,3,2,2,4,4,4,4,2,2,2,2,2,2
18,1,1,1,2,3,2,4,4,2,1,2,4,1,1,5,3,1,3,4,5,5,4,2,5,5,2,2,1,2,2,2,2,4,1,2,2,3,4,4,4,4,2,2,2,2,2,2
18,1,3,1,3,4,2,5,5,2,1,1,1,4,1,4,1,5,1,4,2,5,2,5,5,5,5,2,1,5,5,4,2,4,4,5,5,3,5,4,5,4,5,5,5,5,5,4
19,1,1,1,6,5,5,4,4,4,5,2,4,2,2,4,4,4,2,3,3,4,4,2,4,4,4,4,5,5,5,4,3,4,3,4,4,2,4,3,4,4,3,3,3,2,2,2
19,1,1,1,6,5,4,5,5,5,4,5,5,5,5,1,4,5,2,5,5,5,3,1,4,4,4,1,2,5,5,4,3,5,4,4,5,2,5,5,5,5,4,5,3,2,3,3
18,1,7,2,2,5,5,2,2,5,5,3,2,4,3,4,3,4,2,3,5,4,2,2,4,4,4,4,5,5,5,5,4,4,4,4,4,4,5,5,5,5,4,5,5,5,5,5
18,1,3,1,6,1,4,5,5,4,1,2,5,5,1,5,1,5,1,1,5,2,1,1,1,1,1,1,1,2,1,4,3,2,5,5,4,2,5,5,5,5,2,5,5,4,5,5
23,2,6,2,3,4,3,2,2,1,3,1,4,2,5,3,1,4,2,4,5,3,3,4,4,5,5,2,5,3,5,1,4,4,4,4,3,5,3,3,3,3,4,3,3,2,4,5
18,1,3,2,3,5,5,4,2,5,2,3,3,3,3,5,5,2,5,5,4,5,2,3,5,5,3,1,3,1,5,3,3,5,1,5,5,4,5,4,4,4,2,1,2,2,3,4
20,1,7,1,6,4,4,4,4,3,2,4,4,4,1,4,4,4,4,4,4,4,2,3,4,4,4,2,2,1,5,3,3,4,4,3,3,2,4,4,5,5,4,4,4,3,4,4
19,3,1,1,5,2,4,4,5,4,2,5,5,1,1,1,1,5,4,2,4,3,4,2,2,4,3,2,5,5,5,1,1,4,1,1,1,4,4,4,4,4,1,1,1,1,1,1
23,1,2,2,1,5,3,3,4,4,5,5,4,4,4,3,3,2,2,5,3,5,3,4,5,5,2,4,5,5,5,4,4,4,4,5,4,3,5,4,5,5,4,5,1,4,5,5
19,1,3,1,3,2,4,5,5,4,4,2,5,1,1,2,2,2,4,4,1,4,4,2,4,4,4,5,2,5,5,2,1,4,2,2,1,4,4,4,4,4,1,1,1,1,2,1
18,1,3,1,2,4,3,4,4,2,4,2,5,5,3,4,3,2,3,1,2,3,2,4,2,4,2,4,3,5,5,3,2,3,4,4,4,3,3,4,4,4,2,4,3,2,2,4
18,1,3,2,3,5,5,4,4,5,2,4,3,3,3,4,4,3,5,5,4,5,4,4,5,5,5,1,5,5,5,3,4,5,3,5,5,4,5,5,5,5,4,4,4,4,4,4
21,1,7,1,4,3,4,4,5,4,4,1,4,4,1,4,1,5,3,4,5,3,4,1,2,3,3,5,1,4,5,3,4,5,3,5,4,4,5,5,5,4,3,2,2,4,5,4
19,1,6,1,2,4,4,3,2,3,4,4,5,4,1,4,4,5,3,4,4,2,3,3,3,4,3,3,5,5,5,4,3,4,3,3,3,4,3,4,4,4,3,3,2,2,2,3
31,1,2,1,2,4,4,5,5,5,4,5,3,5,5,5,5,5,4,5,5,5,5,2,5,5,3,5,1,3,5,4,4,5,4,4,4,4,4,4,4,4,1,2,2,1,1,4
18,1,1,1,3,4,1,2,2,2,1,5,5,4,1,1,1,5,4,3,5,5,3,1,5,4,5,1,1,5,4,1,3,5,4,5,3,4,4,4,5,4,3,2,3,3,4,4
19,1,7,1,3,5,2,5,5,5,3,4,5,5,5,5,2,5,4,3,4,4,1,2,3,5,1,5,1,5,5,4,2,5,4,4,5,5,5,5,5,5,4,4,4,2,2,4
18,1,1,1,5,4,2,5,5,2,2,1,5,5,2,1,1,4,4,4,1,5,5,4,5,5,5,5,2,5,5,1,1,4,2,3,4,4,2,1,4,1,1,1,1,1,1,2
35,1,1,1,5,2,4,1,5,5,5,5,4,5,4,4,4,2,4,5,2,5,5,5,5,5,5,5,5,5,5,3,3,5,1,5,5,3,5,4,5,5,3,3,3,2,3,2
19,3,3,2,NA,1,2,1,1,2,4,2,3,2,1,2,4,3,2,2,3,3,2,3,3,4,3,5,4,2,4,3,3,4,2,4,2,4,4,5,5,4,2,3,2,1,3,2
18,1,2,1,6,5,4,5,5,4,4,1,4,5,1,1,5,5,2,1,4,5,4,2,2,5,2,3,5,4,5,2,2,4,3,4,2,4,2,4,4,4,5,5,5,4,5,2
18,1,6,1,2,5,5,2,3,5,4,5,5,5,1,5,5,5,1,2,4,5,3,5,5,5,3,5,5,5,5,5,5,5,5,5,5,1,5,5,5,5,3,5,1,5,5,5
19,1,1,1,6,4,4,5,5,4,4,4,5,5,5,5,5,5,4,4,4,2,4,2,2,4,2,2,2,2,5,4,4,4,4,4,4,4,5,5,5,5,4,4,4,2,4,4
18,1,6,1,3,4,4,2,2,4,5,5,5,5,5,5,5,5,4,4,5,5,1,3,5,5,5,5,5,5,5,4,4,4,4,4,4,3,4,4,4,4,1,2,4,2,3,3
19,1,7,2,5,4,1,1,1,1,1,1,4,4,1,1,3,1,3,3,4,2,3,2,2,5,2,5,2,5,5,1,4,5,5,5,2,4,4,3,4,3,4,4,3,1,2,1
19,2,3,2,2,5,5,5,5,5,4,1,1,1,1,1,3,5,5,2,5,5,5,2,5,2,4,2,5,5,5,4,3,5,5,5,3,2,5,4,5,5,5,5,5,5,5,3
18,1,3,1,1,3,1,4,1,3,1,1,1,2,1,5,1,5,4,4,4,2,2,2,2,3,3,1,1,2,5,1,1,4,2,4,1,4,2,2,3,3,1,4,2,1,4,2
22,2,4,1,2,2,2,3,4,3,2,4,3,4,3,2,4,3,4,4,3,2,3,3,4,3,2,2,3,4,2,2,3,4,4,3,4,3,2,3,2,3,4,3,2,3,4,3
36,2,1,1,4,4,2,4,4,4,5,4,4,2,2,2,2,5,4,5,4,5,4,4,4,4,5,5,5,1,5,2,4,3,3,3,3,2,4,4,4,4,3,3,4,2,4,4
19,2,1,1,1,5,4,4,4,5,4,5,4,4,4,3,5,4,5,5,5,2,4,3,3,4,1,1,5,3,5,4,5,3,4,5,3,4,4,5,4,4,3,4,4,4,4,4
35,2,4,1,3,3,3,3,3,4,4,4,3,3,3,3,3,4,2,3,4,4,3,4,4,4,3,2,3,3,3,3,5,2,2,3,3,2,3,3,1,3,4,1,3,4,3,2
29,1,3,1,3,1,5,1,1,1,1,1,1,1,5,1,5,5,5,5,5,5,5,5,5,5,5,5,5,5,5,5,5,5,5,5,5,5,5,5,5,5,5,5,5,5,5,5
29,2,1,1,6,5,4,2,2,2,3,2,5,4,3,3,4,5,3,5,5,3,2,3,3,3,5,2,3,5,5,3,3,3,3,3,3,3,3,3,3,3,3,3,4,2,3,3
22,1,1,1,2,2,4,2,3,4,4,1,5,5,1,1,3,1,2,3,1,5,5,5,4,5,2,5,5,5,5,1,1,3,1,1,1,5,1,1,1,1,1,1,1,1,1,1
20,1,2,1,1,2,2,1,3,2,4,3,5,4,4,4,5,4,5,4,4,3,2,1,2,3,3,1,3,2,2,2,3,2,4,3,5,3,4,4,5,5,4,2,4,5,5,5
35,2,1,1,2,4,4,4,4,4,4,4,4,4,4,2,2,4,4,5,4,5,2,2,2,4,4,4,2,4,5,4,4,5,5,5,5,5,5,4,5,5,5,5,5,5,5,5
21,1,7,1,4,5,5,4,4,4,5,4,5,3,3,5,4,4,4,2,3,4,1,1,1,4,2,3,5,4,5,4,5,5,5,4,4,5,4,5,5,3,3,5,4,5,4,5
56,2,1,1,5,2,5,4,4,4,5,4,4,4,4,4,2,1,4,4,2,2,4,3,2,4,2,5,1,2,1,2,4,4,4,4,4,4,5,4,5,5,5,5,5,5,5,5
40,2,7,1,4,4,NA,4,2,3,4,5,4,5,2,4,4,5,5,5,4,5,5,4,5,5,5,3,1,5,5,4,3,5,5,5,4,3,4,4,5,4,3,4,4,1,4,4
25,2,1,1,3,5,4,3,4,5,5,5,5,5,4,4,3,4,4,5,5,1,2,2,1,5,1,1,3,5,4,4,4,5,4,4,5,5,4,5,5,4,4,4,4,5,3,4
35,2,5,1,5,5,4,5,4,5,4,5,4,4,5,4,5,4,5,4,5,2,1,2,3,5,2,2,4,5,4,5,4,4,5,4,5,4,5,4,5,4,5,4,5,4,5,4
22,2,1,1,4,4,4,3,3,3,4,3,4,4,4,2,2,2,3,3,2,3,4,3,3,4,3,4,2,2,2,3,3,3,4,4,4,4,4,4,4,4,2,3,2,2,4,4
23,1,1,1,4,4,4,5,5,4,4,1,4,4,5,4,4,5,4,5,4,4,4,4,4,5,2,2,1,5,5,4,4,4,4,5,5,4,4,4,4,5,4,4,4,2,2,4
27,2,1,2,2,3,4,5,4,3,4,1,3,2,2,3,3,3,3,3,3,3,2,3,3,3,3,3,4,3,5,1,2,3,3,2,3,3,4,3,4,3,3,4,5,4,3,4
22,2,1,1,4,5,5,3,4,5,5,5,5,5,4,5,5,5,4,4,3,2,2,2,3,4,2,1,2,4,3,4,5,4,5,3,3,5,5,5,5,4,5,4,5,5,5,5
22,1,6,1,2,5,3,4,4,4,4,5,5,5,4,1,4,5,3,4,3,4,2,4,4,4,4,5,1,5,5,5,5,4,4,4,3,2,4,4,4,4,4,5,5,4,4,4
26,2,1,1,1,1,4,4,4,4,1,2,4,3,3,1,1,4,3,4,5,3,2,1,3,3,3,4,2,1,2,1,1,2,1,1,1,3,3,2,3,2,1,2,2,3,2,1
43,2,1,1,6,4,4,4,5,4,4,2,4,4,4,4,4,3,3,3,3,3,3,3,3,3,3,3,5,4,5,1,2,3,4,4,3,4,4,2,4,4,4,3,4,4,3,4
30,2,1,1,4,5,4,4,3,4,4,3,4,4,5,2,2,4,4,2,4,3,2,2,2,5,2,2,2,5,5,4,3,4,4,5,2,4,4,5,4,4,5,2,3,4,4,3
40,2,2,1,5,5,5,5,5,5,5,4,4,4,3,4,5,4,4,5,5,1,2,2,1,5,2,1,5,5,5,5,5,4,5,5,5,5,4,4,4,4,4,4,5,4,5,4
21,2,6,1,5,4,5,4,5,4,4,4,4,4,4,4,4,4,3,3,4,2,2,2,2,3,2,2,3,2,4,4,3,5,4,4,4,4,4,4,4,4,4,3,5,4,4,4
65,2,1,1,4,5,4,5,4,4,5,2,5,1,1,2,2,4,1,1,2,5,5,3,5,5,5,5,1,4,5,3,3,3,3,3,3,3,3,3,3,3,NA,3,3,3,3,3
58,1,1,1,3,5,1,1,1,4,2,1,1,1,1,5,5,5,5,3,4,2,4,5,3,5,2,5,5,5,5,1,1,3,1,3,1,3,2,3,4,5,2,5,2,1,3,2
26,2,1,1,5,5,4,4,5,4,5,5,5,2,2,4,5,2,5,4,3,4,4,5,5,5,5,4,2,5,5,5,5,5,5,5,5,4,4,5,5,5,5,4,5,2,4,4
30,2,6,1,2,5,5,5,5,5,5,5,4,1,1,5,5,5,5,5,4,5,5,3,5,5,4,5,5,5,5,5,5,5,5,5,5,5,5,5,5,5,4,4,4,5,5,4
29,2,1,1,5,4,4,4,4,3,3,3,4,5,5,5,4,4,4,5,5,1,1,1,2,4,2,2,4,4,4,4,4,3,3,4,4,4,4,4,4,4,4,4,4,3,4,4
23,2,3,1,5,4,4,3,3,3,3,4,4,3,4,4,4,5,4,4,3,3,2,3,3,4,2,1,3,3,2,4,4,4,4,4,4,4,4,4,4,4,4,4,4,4,3,3
22,1,1,1,4,4,2,4,2,2,4,4,4,5,1,3,4,4,4,3,4,4,5,2,4,4,3,5,5,5,5,4,4,4,4,4,3,4,3,3,4,4,3,4,4,2,3,3
20,1,1,1,1,5,4,5,5,4,4,2,4,5,4,2,5,2,4,4,1,4,4,5,4,5,5,4,5,1,5,4,2,4,2,2,2,4,4,3,4,4,2,2,2,2,2,2
26,1,7,1,4,2,4,2,4,4,4,4,4,5,2,4,2,4,2,3,5,3,2,1,3,2,3,3,2,2,2,2,3,5,3,4,3,2,3,3,3,2,2,2,3,3,2,4
65,1,1,1,2,5,5,5,5,3,5,5,5,5,4,4,5,4,5,4,3,4,4,3,4,3,5,2,2,4,5,4,4,4,3,5,4,4,4,4,4,3,3,3,3,3,3,2
41,2,6,1,5,5,5,5,5,5,5,5,5,4,5,5,4,5,5,5,5,1,2,4,1,5,1,1,5,5,3,4,5,5,5,5,5,5,5,5,5,5,5,5,5,5,5,5
21,1,1,1,2,2,3,3,3,3,3,2,5,2,3,4,3,2,3,2,2,3,3,3,3,5,3,4,3,4,1,2,2,2,2,2,4,2,2,4,2,2,4,4,2,3,3,1
25,2,1,1,2,4,4,4,4,2,4,4,4,4,4,2,5,4,4,4,4,5,4,5,4,5,5,4,5,5,5,5,4,4,4,4,4,4,4,4,4,5,5,5,5,2,5,5
32,2,1,1,4,4,2,2,2,2,2,2,4,2,2,2,2,2,2,4,2,2,2,2,3,4,3,3,5,2,1,1,3,3,3,2,3,2,2,2,2,3,2,2,2,2,2,2
31,1,1,1,3,2,4,4,2,2,1,1,2,1,4,5,4,4,5,4,4,2,3,4,2,4,3,4,1,2,1,4,3,4,4,3,4,4,4,3,4,5,4,4,5,4,4,4
44,1,3,1,4,4,4,4,3,3,3,3,4,4,4,5,4,4,4,4,4,2,2,2,1,5,2,1,4,5,3,5,4,4,4,4,5,3,5,4,4,5,5,5,4,NA,4,3
20,2,6,2,2,3,3,5,3,4,2,3,3,4,5,5,3,3,2,1,3,2,1,3,3,4,3,3,3,4,3,3,3,3,4,3,5,4,4,4,3,3,4,4,4,5,3,3
26,1,1,1,3,4,4,5,5,4,4,4,4,5,3,1,5,5,5,3,5,3,4,4,3,4,3,4,1,3,1,5,4,5,4,4,4,3,4,4,4,4,4,4,4,4,4,4
28,2,1,1,4,4,4,4,4,4,3,4,4,5,4,5,5,5,5,4,5,5,4,2,5,4,5,4,1,4,5,4,4,5,4,5,5,4,5,5,5,5,4,5,4,4,4,4
35,2,6,1,4,4,3,5,4,4,4,2,5,4,4,5,4,3,4,4,4,4,2,2,1,3,3,4,3,2,4,4,3,4,4,3,5,5,3,5,4,5,5,3,4,4,4,3
40,2,1,1,4,4,4,4,4,4,4,4,4,4,4,4,4,4,4,4,4,2,2,2,2,4,2,2,4,4,4,4,4,4,4,4,4,4,4,4,4,5,4,4,4,4,5,4
21,2,1,1,5,4,5,3,4,4,4,4,5,5,5,4,5,4,5,5,4,1,2,1,2,5,2,1,4,5,2,5,4,4,4,5,5,5,4,5,5,5,5,5,5,5,3,4
23,2,7,1,3,4,4,4,5,2,2,5,4,4,4,2,2,2,2,3,1,3,3,4,2,3,4,3,5,3,5,2,2,2,2,3,2,3,2,3,3,2,1,1,1,1,1,2
39,2,1,1,6,1,3,1,1,4,1,5,2,5,1,1,1,2,4,5,2,5,2,4,5,4,4,5,1,2,1,4,5,4,5,3,5,4,4,5,5,5,4,2,4,2,4,5
29,2,1,1,2,3,3,3,3,4,4,4,4,4,4,4,3,4,4,4,4,2,2,3,3,4,2,3,3,4,4,3,4,3,4,3,4,3,4,3,3,4,4,4,3,4,4,4
22,1,1,1,3,4,5,4,5,4,2,5,4,5,4,4,2,4,4,2,2,4,4,4,4,4,2,5,2,5,5,2,1,4,2,2,1,5,1,1,2,1,2,1,1,1,2,1
25,2,1,1,3,2,5,1,2,1,2,5,5,2,1,3,1,2,4,2,5,5,1,3,1,4,4,5,4,2,3,4,4,2,1,3,3,5,4,5,1,1,1,4,4,5,4,5
21,2,6,1,6,5,4,5,5,4,4,5,4,5,3,4,1,5,4,5,5,4,1,3,3,4,4,2,2,5,5,4,5,4,3,3,4,5,5,5,5,5,4,3,2,4,3,4
26,1,4,1,5,5,5,4,5,5,4,4,4,4,3,3,4,4,5,4,4,2,2,3,1,3,2,2,4,4,3,4,4,3,4,4,4,4,4,3,3,4,4,3,5,4,4,4
23,2,1,1,4,3,5,5,3,2,4,2,4,3,1,5,3,4,4,4,3,3,2,4,2,2,3,3,4,4,2,3,2,4,3,4,2,3,3,4,2,2,5,1,2,4,2,3
30,2,6,2,2,4,4,5,4,5,4,4,5,4,5,4,4,5,4,5,4,2,1,2,2,5,2,2,4,5,4,4,5,4,5,4,5,4,5,4,5,4,5,4,4,5,4,5
29,1,1,1,2,4,4,4,4,4,4,5,4,5,5,5,5,4,4,5,4,2,2,2,2,4,2,2,4,4,4,4,5,4,5,3,5,3,4,3,4,5,4,5,3,5,5,4
29,1,1,1,3,4,3,2,4,2,3,2,4,3,4,3,4,4,2,2,4,3,4,3,3,2,4,2,3,4,2,2,3,2,2,3,2,3,4,2,2,4,2,4,3,2,3,3
21,1,7,1,1,4,4,4,2,4,4,2,4,2,5,4,3,5,2,1,5,2,2,4,1,3,3,3,4,2,5,4,4,5,5,5,4,2,4,3,5,3,4,4,3,5,4,3
55,1,3,1,3,5,5,4,5,4,4,5,5,5,4,1,2,2,5,5,2,5,5,4,5,5,5,5,2,1,4,4,4,5,4,4,5,4,5,5,5,5,2,5,5,2,4,2
26,2,1,2,1,5,4,1,1,1,5,5,1,4,1,1,4,1,1,5,2,2,1,5,5,4,5,5,1,5,5,4,4,5,4,5,5,4,5,5,5,5,5,3,3,5,5,5
33,1,2,1,2,4,5,5,4,4,3,2,4,4,2,3,4,4,4,2,2,2,4,5,2,4,2,4,5,4,5,1,1,5,1,5,2,4,4,2,5,2,2,2,2,1,1,2
25,2,1,2,4,4,2,2,3,4,2,2,4,2,2,2,4,2,4,2,2,5,3,5,5,5,5,2,2,4,5,2,3,3,4,3,3,4,4,4,5,4,3,2,3,3,4,2
32,2,6,1,1,4,4,5,3,4,4,2,4,5,4,4,4,4,4,5,4,4,2,2,3,4,2,3,5,NA,5,5,4,3,4,4,5,4,5,4,5,5,4,4,5,3,3,5
25,2,1,1,4,5,3,2,2,4,4,3,4,3,4,4,5,5,5,5,4,5,1,2,5,4,3,1,1,4,5,1,2,4,2,1,2,5,2,2,3,3,2,1,2,1,1,2
27,2,6,1,5,4,3,2,2,4,3,3,2,3,3,2,4,3,2,2,4,3,3,4,3,3,3,3,2,2,2,3,3,3,3,3,2,4,3,4,3,3,3,2,3,3,3,3
19,1,2,1,1,2,1,3,5,3,5,2,3,4,5,5,5,5,2,4,4,5,5,3,3,3,3,3,4,1,2,3,2,2,3,3,2,3,3,2,2,4,3,2,2,3,3,2
55,1,1,1,4,4,5,4,4,4,5,5,4,5,1,2,2,5,5,4,5,5,5,4,5,5,5,5,3,5,2,3,3,3,3,3,3,3,3,3,3,3,3,3,3,3,3,3
25,2,1,1,5,5,3,5,5,3,2,5,2,4,4,1,3,5,4,4,2,5,5,1,4,4,4,5,1,5,5,5,4,5,5,5,5,5,5,5,5,4,3,4,4,4,5,4
25,2,7,1,1,5,5,4,2,4,5,1,5,4,4,4,4,5,5,4,5,5,5,5,5,5,5,5,5,5,4,4,4,5,5,5,5,4,5,5,5,5,5,5,5,2,5,5
20,1,1,1,5,5,5,5,5,5,4,5,5,5,5,4,4,5,5,5,5,5,4,3,5,5,3,2,4,5,5,4,2,3,4,4,4,2,3,4,4,4,4,4,3,3,5,4
46,1,1,1,5,4,4,5,5,4,4,3,3,4,3,3,4,4,3,4,4,3,4,1,3,4,3,3,1,4,5,2,2,5,4,5,3,5,5,5,5,4,3,3,3,2,3,3
23,1,6,1,4,4,1,1,3,4,5,3,1,2,3,4,5,3,1,2,3,2,1,3,3,4,3,3,4,4,3,3,2,1,2,2,4,5,3,2,3,1,5,5,4,2,5,4
22,2,6,2,1,4,4,3,4,3,4,3,4,5,5,4,3,5,3,4,5,2,2,3,2,4,3,3,2,4,4,4,4,3,4,4,4,4,4,3,4,3,4,4,4,3,4,4
28,2,1,1,5,3,4,2,3,4,5,2,3,5,4,2,3,4,4,3,5,4,3,1,3,3,4,2,1,5,3,4,3,1,3,4,5,3,2,5,3,2,4,5,3,4,5,3
35,1,1,1,4,5,5,4,5,5,1,5,5,2,4,1,1,5,2,5,4,5,1,1,5,5,5,1,1,1,1,2,5,5,4,5,4,5,5,4,5,4,4,2,4,4,5,5
39,2,1,1,4,4,4,2,4,4,4,4,4,1,1,1,1,1,4,1,1,5,5,2,5,4,5,5,5,5,5,5,5,5,5,5,5,5,5,5,5,5,5,5,5,3,5,5
27,1,6,1,4,5,5,5,5,5,5,2,5,5,5,5,5,5,5,4,5,5,1,4,5,5,5,5,5,5,5,5,5,5,5,5,5,1,5,5,5,5,4,5,5,4,5,5
20,2,1,1,4,5,5,5,5,4,4,5,4,3,5,5,4,5,4,5,4,1,2,1,2,5,2,2,4,5,1,4,5,4,5,5,4,4,4,5,3,5,4,4,3,4,5,4
35,2,1,1,4,4,4,4,4,4,4,4,4,4,4,4,4,5,4,4,4,1,2,2,2,4,2,2,4,3,4,4,4,3,4,4,4,4,4,4,4,4,4,4,4,4,4,4
25,2,6,1,4,5,4,3,2,4,2,2,4,5,5,4,3,5,5,4,5,2,1,3,2,3,2,2,3,3,5,4,5,4,5,5,3,4,5,4,4,5,4,5,4,3,5,4
33,2,1,1,4,3,3,5,4,4,4,4,5,4,4,5,4,5,5,4,4,1,2,2,3,4,2,1,4,2,4,5,3,3,5,4,4,4,3,5,5,3,3,4,5,4,4,3
31,2,1,2,2,4,3,2,3,3,2,4,4,3,2,4,5,2,4,4,5,1,3,2,3,3,1,1,1,5,5,2,3,4,4,4,3,4,4,4,4,4,3,3,2,3,3,2
62,2,1,1,5,4,5,5,4,5,5,4,5,5,4,5,4,5,5,4,5,2,1,2,1,5,2,1,5,5,3,3,5,5,4,5,4,5,5,4,5,5,4,5,5,4,5,5
57,2,2,1,5,5,5,5,5,4,4,1,4,5,5,5,3,5,5,4,5,5,3,5,5,5,5,3,5,3,1,5,3,1,5,3,5,3,5,5,5,5,3,5,1,3,3,5
35,2,6,2,3,4,5,4,5,4,5,4,5,4,5,4,5,4,5,4,4,1,2,2,1,4,1,2,5,4,4,4,5,4,5,4,4,5,4,5,4,4,5,4,5,4,5,4
49,2,1,2,3,2,1,2,4,1,2,4,4,4,1,1,1,1,2,3,1,3,3,4,3,4,3,3,5,3,5,1,3,2,2,3,2,2,3,1,2,2,1,2,1,1,1,1
21,2,1,1,3,4,3,1,1,1,4,1,1,1,1,1,3,1,1,4,1,5,5,5,3,2,3,3,1,3,5,2,4,4,2,3,3,3,5,5,5,5,5,1,1,3,3,3
21,2,1,2,1,4,3,1,2,1,2,2,4,1,1,1,1,1,1,3,1,2,5,5,3,5,5,3,1,1,4,1,1,1,1,1,1,5,3,2,3,3,2,1,1,1,1,4
40,2,2,1,5,5,4,4,4,4,4,4,4,5,4,5,4,4,4,4,4,2,1,2,1,5,1,1,4,5,5,5,5,5,4,3,4,2,3,NA,2,3,2,3,2,3,3,3
20,1,6,1,5,2,2,1,1,4,4,1,1,1,1,2,1,1,2,4,1,1,3,3,5,3,3,2,5,5,5,1,4,2,4,1,2,4,2,2,2,2,4,4,2,1,2,3
49,2,6,1,2,4,4,4,3,4,4,4,4,4,5,4,5,4,5,5,4,3,3,1,2,5,4,2,2,4,2,3,5,4,4,4,4,5,4,5,5,4,4,5,5,3,4,4
26,2,1,1,4,3,3,3,4,3,3,4,4,4,4,2,3,3,4,3,4,4,4,4,3,2,4,3,2,2,3,3,2,2,3,2,3,3,2,2,3,3,2,2,3,2,3,3
44,2,1,1,3,3,4,4,4,3,3,2,3,2,2,4,5,5,4,4,4,4,5,4,4,4,5,3,1,3,2,3,3,3,4,4,4,4,4,5,4,4,3,3,3,4,4,4
35,1,1,1,2,2,5,1,1,4,1,1,1,1,1,1,1,5,1,4,1,2,4,5,4,4,5,1,5,1,1,1,1,1,4,2,1,5,1,2,5,4,2,4,3,1,4,1
29,2,1,2,4,4,5,4,4,5,4,2,2,4,2,2,5,1,5,5,2,5,5,5,5,5,5,5,5,5,5,2,4,4,4,4,4,5,5,5,5,5,5,5,5,4,5,5
30,1,1,1,4,5,4,5,4,4,4,5,4,3,5,2,4,3,4,4,5,3,2,2,2,5,2,3,3,4,4,4,5,4,4,3,4,4,5,3,5,4,3,4,4,3,4,5
35,1,6,2,1,5,4,5,5,4,5,5,4,5,5,4,5,5,4,5,4,1,2,1,2,5,2,1,4,5,4,5,4,4,4,5,5,4,3,5,4,5,4,5,4,5,5,4
20,2,1,1,4,4,4,1,1,4,3,2,4,4,3,3,2,2,5,5,3,5,5,5,5,5,5,5,4,5,5,2,3,4,5,4,3,4,4,4,3,4,4,3,2,2,3,3
24,2,1,1,1,5,4,2,4,3,4,5,4,4,4,3,4,2,4,4,3,2,2,1,4,4,4,2,5,5,5,3,4,4,4,4,4,4,4,4,4,4,4,4,4,4,4,4
29,2,1,1,3,5,4,5,5,2,1,3,3,4,3,2,1,4,2,5,2,1,4,2,5,5,5,2,3,4,5,1,5,3,3,2,5,5,1,2,1,1,2,4,4,5,1,4
20,2,1,1,6,4,4,5,5,2,4,5,4,5,1,5,2,4,5,5,5,2,4,2,4,4,4,5,2,1,5,4,4,4,4,4,4,4,4,4,4,4,2,3,2,2,3,2
49,1,1,1,2,5,5,1,1,5,5,1,5,5,5,5,5,5,5,5,5,5,1,5,1,5,5,1,5,5,5,5,1,1,5,5,5,5,5,5,5,5,1,5,5,1,1,5
21,2,2,2,2,3,4,4,2,4,2,2,4,4,4,5,2,2,4,2,4,2,2,5,2,3,5,5,1,4,5,2,1,4,2,3,3,4,4,4,4,4,2,2,3,2,3,2
45,1,1,1,3,5,5,2,2,3,5,2,5,5,5,3,2,4,4,2,4,5,4,4,5,4,3,5,5,5,5,3,4,4,4,4,3,4,3,4,3,3,4,4,3,4,4,3
36,2,1,1,4,3,4,5,5,4,3,5,4,5,5,4,3,5,2,2,1,3,5,2,3,2,3,4,2,2,5,4,4,3,4,3,3,4,4,4,3,4,2,2,3,2,3,3
24,1,1,1,3,5,1,4,5,2,4,1,3,1,1,1,4,1,1,3,4,5,5,2,5,5,5,5,1,3,5,4,4,5,5,5,5,5,4,5,5,4,4,3,3,3,4,4
29,2,7,1,6,5,4,2,2,3,4,2,4,1,1,3,1,3,1,1,3,5,5,3,5,5,5,5,5,5,5,1,2,4,3,3,4,3,3,3,3,3,3,2,2,1,1,1
67,1,1,1,4,5,5,5,5,5,5,5,5,5,5,5,5,5,5,5,5,5,3,5,5,5,5,5,1,5,5,5,5,5,5,5,5,5,5,5,5,5,5,5,5,3,5,5
20,2,1,1,1,2,4,1,4,3,2,2,1,4,1,1,4,5,5,2,3,5,5,4,4,5,5,5,5,5,5,4,5,5,4,5,4,4,5,4,5,5,5,5,4,4,5,4
23,2,1,1,4,4,4,4,5,4,3,4,4,4,2,4,4,5,5,2,2,5,5,3,5,5,5,2,1,1,5,2,3,3,4,3,4,4,4,4,4,4,4,4,4,3,3,3
34,2,1,1,2,4,2,1,2,NA,2,2,3,2,2,4,3,4,4,3,5,4,4,4,4,4,3,5,1,5,5,3,2,4,2,3,2,4,3,3,4,3,2,2,3,2,2,3
33,2,3,1,4,3,3,4,3,4,4,4,5,4,4,2,2,4,3,3,3,2,2,4,3,5,4,2,4,4,4,4,5,4,3,5,4,5,5,4,4,4,4,5,4,4,5,5
22,2,3,1,3,2,2,2,4,1,3,5,4,5,1,1,1,1,4,4,1,4,4,4,3,4,4,3,5,3,5,2,2,3,2,3,2,3,2,2,3,2,2,2,2,2,1,1
24,1,1,1,5,4,4,5,5,4,2,5,5,5,1,1,5,4,4,2,3,5,4,5,5,5,5,2,1,2,5,1,1,5,1,3,1,2,2,2,3,3,1,1,1,1,2,1
25,2,6,2,1,4,4,4,5,4,4,4,5,2,2,4,5,5,5,4,4,4,2,4,5,5,5,2,5,5,5,4,4,4,2,4,4,2,5,4,5,4,4,3,3,2,3,4
31,2,2,2,1,2,4,4,4,3,3,4,4,1,1,3,5,4,4,4,4,4,2,4,2,4,2,3,5,5,5,4,3,3,4,3,2,4,3,4,4,4,4,4,4,4,4,4
21,2,6,2,3,4,4,2,2,1,2,2,4,1,1,2,3,2,1,2,2,5,4,4,4,5,4,4,5,1,5,2,2,2,2,3,3,2,3,4,4,3,2,2,2,1,1,2
36,2,2,1,6,4,3,2,3,4,4,5,4,4,2,3,4,5,4,4,1,5,5,5,5,5,1,5,2,5,5,4,4,5,3,4,3,4,5,4,4,5,2,3,2,1,3,4
28,2,1,2,2,5,3,3,3,1,5,5,5,3,3,5,5,1,5,5,2,5,1,2,5,5,5,5,5,4,5,1,1,3,3,2,1,2,1,1,1,1,1,1,1,1,1,1
29,1,2,1,3,4,4,5,3,5,3,4,4,5,5,4,4,4,5,3,5,2,3,2,1,2,1,1,5,4,5,4,5,3,4,5,4,3,5,4,5,5,5,3,5,5,4,5
34,2,1,1,4,5,5,4,5,4,4,5,5,5,5,2,3,2,4,5,2,4,2,4,4,5,4,2,2,5,5,3,4,4,4,4,4,4,4,4,4,4,4,4,4,4,4,4
25,1,2,1,4,5,5,3,3,5,5,2,5,5,5,5,5,5,5,3,5,3,1,5,1,4,5,5,1,5,2,4,5,5,5,5,2,5,5,3,5,5,5,5,3,5,4,5
29,2,1,1,2,4,4,3,4,4,4,4,4,4,3,3,4,4,3,4,3,2,3,2,3,4,2,2,4,3,4,3,4,3,4,4,3,4,3,3,4,4,3,3,4,3,4,3
26,2,3,1,3,4,5,5,5,5,4,5,4,4,4,5,5,5,5,5,5,3,1,5,5,5,5,1,4,5,5,5,5,5,5,5,5,5,5,5,5,5,2,4,2,1,4,4
21,1,1,1,6,5,5,3,3,2,4,5,4,3,3,3,3,5,5,4,4,1,3,2,2,3,3,5,2,5,5,5,5,4,4,4,4,3,4,4,4,4,4,4,3,3,4,4
35,1,1,1,5,2,4,5,5,4,5,5,5,5,2,5,5,4,1,4,4,5,2,2,2,4,2,2,2,5,5,5,5,5,5,4,4,2,5,4,5,5,2,5,4,2,5,5
56,2,1,1,5,3,2,4,4,2,3,2,3,1,1,4,3,5,4,3,2,3,4,4,4,4,4,5,5,5,5,2,2,4,3,4,3,2,2,3,3,3,2,2,2,2,2,3
23,2,3,2,1,3,2,4,1,2,1,5,1,4,3,4,1,4,4,5,4,1,4,5,3,1,3,2,2,1,1,4,5,5,2,4,4,2,5,3,4,3,2,2,4,5,3,4
61,1,1,1,3,2,2,5,5,2,2,2,4,1,1,4,2,2,5,4,3,5,4,4,5,5,5,5,2,5,5,1,3,3,1,3,1,1,3,1,3,3,5,3,5,5,5,3
38,1,6,1,6,5,5,5,5,5,5,5,5,5,5,5,5,5,5,5,5,5,3,5,5,5,5,4,5,5,5,5,5,5,5,5,5,5,5,5,5,5,5,5,5,5,5,5
22,2,1,2,2,4,4,4,5,5,4,2,3,4,1,1,4,4,5,5,2,3,2,5,4,5,5,4,5,5,5,3,3,5,4,4,4,5,4,4,5,5,3,2,2,2,3,4
20,2,1,1,4,5,4,3,2,2,3,2,2,3,2,2,3,4,5,4,4,5,2,3,4,5,5,4,3,2,1,3,2,1,2,4,3,3,2,3,3,4,3,3,4,3,3,3
29,2,1,1,5,5,4,5,5,4,4,5,4,5,2,2,2,5,2,2,4,4,4,5,5,5,5,5,2,2,2,1,2,2,2,4,2,4,2,4,4,4,2,2,2,2,2,2
29,1,2,1,3,4,3,3,5,3,3,4,3,4,4,3,5,5,3,2,3,3,2,3,3,4,2,3,4,3,4,4,3,3,5,4,3,3,4,4,3,3,4,3,4,3,4,3
40,1,1,1,5,5,2,2,2,2,4,1,4,5,2,1,1,4,2,2,2,4,4,2,4,4,2,4,5,4,5,2,2,2,1,2,2,4,2,2,2,2,2,4,2,2,2,2
30,1,6,1,2,5,5,5,5,5,5,5,5,5,5,5,5,5,5,5,5,5,3,3,5,5,3,3,5,5,5,5,5,5,5,5,5,5,5,5,5,5,5,5,3,3,5,5
42,1,1,1,2,2,5,5,4,5,1,5,3,4,4,5,1,5,5,5,3,4,4,2,5,3,5,5,1,2,5,5,4,5,5,5,4,5,5,5,5,4,4,5,5,3,4,5
26,2,1,1,2,3,2,5,4,3,5,3,4,5,1,1,2,4,3,4,1,2,2,2,2,4,3,2,2,3,2,4,3,5,3,4,3,3,3,4,5,3,4,4,3,2,4,2
22,2,1,1,5,4,4,5,5,3,5,5,4,5,3,3,5,5,4,4,2,1,4,3,4,3,2,4,1,5,5,4,3,4,4,4,4,4,3,3,4,3,3,3,3,2,3,3
42,2,6,2,1,5,5,4,3,5,5,4,5,5,5,4,5,3,5,5,5,5,2,4,1,5,1,1,5,4,5,4,5,5,4,3,4,5,5,5,5,5,4,5,5,1,4,4
26,2,1,2,3,1,2,1,5,2,4,5,5,5,3,1,4,1,5,5,1,5,5,5,5,5,5,4,5,3,5,2,2,3,2,3,3,4,2,3,3,2,1,1,1,1,1,1
22,2,1,2,2,2,2,1,1,4,1,4,5,4,1,1,4,5,1,2,1,4,3,5,5,5,4,5,1,2,1,4,4,3,5,3,4,5,5,5,4,4,3,4,4,2,3,5
23,2,1,1,3,4,4,3,3,2,4,4,4,2,2,4,4,4,4,5,3,5,2,3,4,5,4,2,4,5,5,1,2,1,1,2,2,4,3,2,3,4,1,3,2,1,2,4
52,1,3,2,5,4,4,3,2,4,5,1,2,4,1,3,5,2,5,4,5,4,3,5,5,5,4,5,2,5,5,4,4,5,5,5,5,3,4,4,5,5,4,5,5,5,4,3
28,2,7,2,4,5,4,4,3,3,3,4,5,5,3,3,4,4,3,2,3,3,2,2,2,4,3,2,5,5,3,4,3,4,3,3,3,4,4,3,4,3,3,4,3,3,4,3
21,2,3,1,4,5,4,4,5,4,4,4,4,5,4,4,4,5,4,4,4,1,2,4,2,5,1,1,4,5,5,4,4,5,5,5,5,4,5,5,5,5,4,4,5,4,5,4
18,2,1,2,2,2,4,2,1,3,2,1,4,1,1,1,1,4,2,3,1,4,4,4,2,4,4,4,1,4,5,1,1,2,1,1,1,4,2,2,2,3,1,1,1,1,1,1
33,1,1,1,6,5,5,5,5,5,3,5,5,5,4,1,2,5,5,4,4,2,2,2,4,4,2,2,1,2,5,3,2,4,5,4,2,4,4,4,4,4,2,2,4,3,4,4
22,1,1,1,2,5,3,5,5,4,5,5,5,3,1,5,5,5,5,5,5,5,5,3,5,5,3,5,1,5,3,5,5,5,5,5,5,1,5,5,5,5,5,5,3,1,1,1
34,2,1,1,4,3,3,5,1,5,3,4,1,3,5,4,1,5,2,4,1,1,5,2,4,2,2,1,2,4,5,3,5,2,4,2,1,4,5,3,2,1,5,4,2,4,5,4
24,NA,7,1,1,1,3,1,1,4,3,2,5,4,1,1,1,5,4,1,2,3,3,3,3,3,3,2,3,2,1,1,3,4,4,4,3,4,4,3,4,3,2,3,3,2,2,2
27,1,2,1,3,4,3,4,2,4,5,4,4,5,5,2,1,1,1,4,4,2,2,4,5,4,5,2,2,4,2,4,4,4,4,4,4,4,4,4,4,4,4,4,4,2,4,5
38,2,1,1,6,3,4,1,1,4,4,5,4,1,1,1,2,1,3,4,1,4,4,1,5,4,1,5,1,2,2,2,1,2,4,4,4,4,2,3,3,3,4,2,2,2,4,3
56,1,1,1,1,3,4,2,1,4,5,5,4,2,2,2,4,2,4,4,3,4,5,4,5,5,5,5,5,4,5,2,2,4,2,2,2,4,3,2,3,2,2,2,2,2,2,1
37,2,1,2,2,5,4,4,5,4,4,5,4,5,3,5,5,4,4,4,3,2,3,3,3,3,3,1,2,3,5,4,4,5,4,4,4,4,5,4,5,5,4,4,4,3,4,4
24,2,1,1,3,5,4,4,5,5,5,5,5,5,4,2,5,5,4,5,5,5,5,5,5,5,5,5,5,5,5,5,5,4,5,5,5,4,4,5,5,5,2,4,3,1,5,5
22,2,1,1,1,4,2,4,2,2,4,4,4,4,4,2,4,4,4,4,4,4,4,4,3,4,2,2,2,4,4,3,4,4,4,4,4,4,4,4,4,4,4,4,4,4,4,4
36,1,2,1,6,5,5,5,5,5,5,5,5,5,5,5,5,5,5,5,5,4,2,4,4,5,5,3,2,2,2,5,5,5,5,5,5,5,5,5,5,5,5,5,5,2,5,5
23,2,1,1,1,2,1,1,1,2,4,4,2,2,1,1,2,2,5,5,4,4,4,2,4,5,5,2,4,2,1,1,2,2,2,2,2,4,4,3,4,4,2,4,2,1,1,3
23,1,1,1,2,3,4,5,5,4,4,5,5,5,5,5,5,2,5,2,5,5,5,3,5,5,5,5,5,5,5,1,3,2,4,2,1,1,1,1,1,2,2,1,1,1,1,1
22,2,6,2,2,2,4,1,1,5,2,2,3,4,5,3,4,5,2,1,2,2,4,3,2,2,2,1,2,3,1,1,2,3,2,3,2,5,2,3,1,2,1,2,3,1,2,4
22,2,3,1,3,5,5,1,5,5,5,5,5,5,1,1,5,1,5,5,5,5,5,5,5,5,5,5,1,5,5,5,5,5,5,5,5,4,5,5,5,5,4,5,5,4,5,5
54,1,1,2,1,3,4,1,5,1,5,1,5,5,1,1,5,4,4,5,2,5,2,5,5,5,4,5,2,5,5,4,4,5,4,5,4,2,4,4,4,5,4,4,4,4,4,4
23,2,1,1,5,5,4,4,1,4,2,1,4,5,2,3,5,5,4,4,1,5,5,2,4,4,5,5,1,2,5,4,2,5,3,5,3,2,4,4,5,4,4,5,4,3,4,4
20,1,1,1,1,4,4,2,3,2,3,2,4,2,1,4,5,5,3,3,2,4,4,2,4,3,3,4,1,3,5,3,2,4,4,4,3,4,3,3,4,3,3,2,2,2,3,2
53,1,7,1,1,1,1,1,1,1,1,1,1,1,4,1,1,4,3,4,1,3,3,3,3,4,2,5,1,1,4,1,1,3,3,3,3,3,1,1,3,3,2,2,2,3,2,1
26,1,1,1,2,1,5,3,4,5,5,5,5,5,5,3,5,5,5,5,3,5,5,5,5,5,5,1,5,5,5,5,5,5,5,5,5,5,5,5,5,5,5,5,5,5,5,5
29,1,1,1,1,3,1,1,1,1,1,5,1,3,1,1,5,5,5,5,1,5,1,1,5,5,5,5,5,1,5,5,5,5,5,5,5,1,5,5,5,5,5,5,5,5,5,5
41,2,1,1,3,5,5,5,5,4,5,4,5,4,4,5,5,5,5,5,4,5,3,4,5,5,5,2,2,5,1,5,5,5,5,5,5,5,5,5,5,5,5,5,5,5,5,5
23,2,1,1,2,1,3,1,5,3,1,5,1,1,1,1,1,5,3,3,1,1,3,2,3,4,3,1,1,3,5,1,1,4,4,4,3,3,2,2,2,3,3,1,1,3,3,1
32,2,2,1,4,5,5,5,5,4,4,4,5,5,4,5,4,5,5,4,4,4,2,2,4,5,5,4,4,4,5,5,5,5,5,2,4,4,5,5,5,5,4,4,4,4,4,4
20,1,6,2,2,4,4,2,2,2,3,1,1,5,4,3,3,4,4,3,3,2,4,5,3,4,5,3,5,4,5,2,4,4,2,4,5,4,5,3,5,5,5,5,3,2,3,2
55,2,1,1,4,4,5,4,4,5,4,5,4,5,4,5,4,5,5,4,5,2,1,2,2,5,2,1,4,5,4,4,5,4,4,4,5,4,5,5,4,5,5,4,4,5,4,5
21,2,1,1,5,4,4,5,5,4,4,5,4,5,2,4,4,4,3,4,5,5,4,3,4,5,5,4,2,5,5,4,4,5,4,4,5,4,4,4,5,4,4,5,4,3,4,4
27,1,1,1,4,4,5,4,4,3,3,4,5,5,5,1,3,5,4,4,4,4,4,4,5,4,4,5,2,3,2,1,2,4,2,4,2,4,5,4,4,4,3,4,3,2,3,4
25,2,6,2,3,3,4,3,3,4,2,5,3,1,1,1,2,5,2,2,5,5,3,3,4,3,5,5,5,5,5,2,3,3,2,3,3,4,4,3,3,4,3,3,4,2,2,4
30,1,1,1,5,4,3,3,3,3,3,2,5,3,4,5,4,4,4,5,5,2,3,3,2,3,2,2,3,5,4,4,4,3,4,5,4,3,3,4,4,4,4,4,4,4,4,4
19,1,2,1,4,3,4,4,4,2,2,3,3,1,1,1,1,1,4,4,3,5,5,5,5,5,3,5,5,5,5,1,1,5,5,5,3,4,3,3,4,4,5,5,5,2,5,4
28,1,3,2,1,4,4,1,4,4,4,4,4,4,1,1,4,5,2,4,4,2,4,4,2,2,2,5,4,4,5,2,3,4,5,4,4,4,4,4,5,5,5,5,5,4,5,5
23,2,6,1,4,4,4,4,4,4,4,4,4,4,4,2,3,2,3,2,2,3,2,3,3,4,4,4,4,3,5,2,2,4,4,4,3,4,4,3,4,3,2,3,2,2,2,3
23,NA,7,1,4,5,5,4,4,4,3,2,4,5,3,3,4,4,4,4,3,5,3,5,5,5,5,2,2,4,2,4,3,4,4,4,3,5,4,4,4,5,4,3,3,3,4,3
22,2,1,1,4,4,3,5,5,3,4,4,3,4,2,3,5,5,5,5,5,5,4,5,5,5,5,4,3,1,5,5,5,5,5,5,5,3,5,5,5,5,5,5,3,1,5,5
23,2,3,1,4,1,1,3,3,1,4,1,1,5,1,1,5,1,4,3,1,3,5,5,5,5,5,5,5,5,5,3,1,5,4,3,1,2,1,1,1,3,3,1,1,1,3,1
35,2,6,2,4,4,4,5,4,5,4,5,4,5,4,5,4,5,4,5,4,1,2,1,2,5,2,1,4,5,4,4,5,4,5,4,5,4,5,4,5,4,5,4,5,4,5,4
25,2,1,1,3,4,5,2,1,5,2,2,5,5,1,1,1,4,1,1,5,1,1,5,1,3,1,4,4,1,5,2,5,5,5,5,5,2,5,5,5,5,5,5,5,4,5,5
21,2,1,1,2,4,4,4,2,4,4,3,3,4,2,4,4,4,3,3,3,5,3,2,3,3,2,2,3,3,5,2,3,4,4,4,3,3,4,4,4,5,3,4,3,3,4,4
20,1,1,1,5,1,2,1,1,2,2,1,1,1,1,2,2,4,2,4,2,2,5,4,5,4,3,5,1,1,3,2,2,3,2,2,1,5,3,3,4,4,2,2,2,1,2,3
28,2,2,1,6,4,3,3,3,4,4,3,4,3,3,4,4,3,3,4,3,2,2,2,3,4,3,2,3,2,3,4,4,3,4,3,2,3,4,4,4,2,4,3,4,3,4,4
40,1,1,1,4,4,5,4,2,5,4,4,4,5,4,4,4,2,3,4,5,5,4,2,5,5,5,5,4,2,5,1,1,4,2,4,2,4,2,2,4,3,2,2,2,2,2,2
23,2,2,2,2,5,4,3,2,3,5,2,4,2,2,1,2,2,4,2,4,4,3,3,4,4,5,4,2,5,5,3,3,4,3,4,4,3,4,4,4,4,4,4,4,3,4,4
56,2,1,1,4,4,4,5,4,5,4,5,4,5,4,4,4,5,4,5,4,2,2,1,2,5,2,2,5,5,4,4,5,5,4,5,4,5,4,5,4,5,4,5,4,5,4,5
28,2,7,2,1,4,4,2,2,3,3,3,3,3,3,3,3,2,3,4,3,5,4,5,4,5,5,5,5,5,5,3,3,3,4,4,3,4,3,3,3,3,3,3,3,2,2,4
18,2,1,1,3,5,4,4,2,5,2,2,4,2,1,2,5,4,5,4,4,4,2,4,2,4,5,4,2,1,5,4,4,4,2,4,4,3,5,5,5,5,2,4,5,4,4,5
25,2,6,1,4,4,5,4,4,4,4,4,4,4,4,3,4,4,4,4,4,2,2,2,2,4,3,2,4,4,5,4,4,4,4,4,4,4,4,4,4,4,4,4,4,4,4,4
25,2,6,1,5,4,4,5,5,4,4,5,5,5,4,5,4,5,4,5,4,2,1,2,1,4,1,1,3,4,4,5,4,5,5,4,5,5,4,4,5,4,4,5,5,4,5,5
18,1,1,2,1,3,4,1,4,4,2,1,4,4,4,2,2,1,3,3,3,4,4,3,4,4,3,3,5,5,5,3,3,2,2,2,1,3,3,3,3,5,2,2,3,2,3,3
20,1,1,1,4,5,5,5,5,5,4,5,5,5,1,5,4,5,5,4,5,5,2,5,5,5,5,5,5,5,5,5,5,5,5,5,5,4,5,5,5,5,2,4,3,2,4,4
25,2,1,2,2,4,3,1,1,2,4,4,4,4,4,1,4,5,2,4,1,2,4,4,5,4,4,5,1,5,5,2,4,5,5,5,5,4,5,5,5,5,5,4,2,5,5,2
29,1,1,1,2,5,4,5,4,3,4,4,4,5,4,3,4,4,4,4,5,2,1,2,1,4,2,2,4,4,3,4,4,4,5,5,4,4,4,2,4,4,4,3,5,4,3,3
40,2,6,2,6,4,4,2,2,4,3,1,4,4,2,4,4,5,2,4,5,4,2,2,4,4,5,4,4,5,5,3,3,2,2,4,4,2,4,4,4,4,4,4,4,4,3,3
21,2,1,1,4,4,4,2,2,4,4,4,4,5,5,2,3,5,4,4,4,5,4,3,4,5,4,4,1,2,5,3,4,4,4,4,4,4,4,4,4,4,4,3,3,3,4,3
26,2,1,1,2,3,3,2,5,2,4,3,3,2,3,4,3,1,2,4,4,4,3,3,4,3,4,3,4,3,4,4,3,3,3,2,4,4,3,3,4,4,2,3,3,3,2,2
20,1,7,1,5,5,5,2,4,4,4,4,4,2,2,3,2,4,4,4,4,4,4,3,4,4,3,2,2,5,5,2,2,5,4,4,4,5,4,4,5,5,2,3,2,2,4,2
31,1,6,1,6,5,4,2,1,3,2,5,2,5,1,5,2,5,1,4,2,5,5,2,5,4,5,3,2,4,5,1,2,2,3,2,2,4,3,1,3,2,2,5,2,1,3,2
20,2,1,1,3,4,4,3,4,4,3,1,5,3,5,4,3,4,5,4,3,1,3,2,2,4,5,1,5,4,3,2,3,4,3,5,NA,3,5,5,4,5,NA,4,5,3,5,5
26,2,6,1,4,5,4,3,4,5,4,4,5,5,4,5,4,5,4,4,5,1,2,1,2,5,2,2,4,4,5,5,4,5,3,5,5,4,5,5,5,5,5,5,5,4,5,4
25,2,6,1,4,1,2,5,4,5,3,1,5,4,3,1,1,2,4,1,4,5,4,3,5,5,5,3,5,3,5,5,5,1,2,1,4,5,5,5,5,4,3,5,1,5,1,5
26,1,6,1,4,5,4,1,4,5,1,4,5,1,1,4,5,5,1,5,5,5,1,2,4,3,2,5,5,3,1,5,5,1,2,1,4,5,5,5,5,4,3,5,1,5,1,5
20,1,3,1,4,5,4,5,5,4,4,4,5,4,4,4,4,5,5,4,4,3,1,2,2,4,2,1,4,4,4,4,5,5,5,5,5,4,5,5,4,5,4,4,5,5,4,4
22,2,3,1,3,4,5,5,2,4,2,2,4,4,4,5,4,5,4,4,5,5,4,5,5,5,5,3,1,3,4,4,2,5,4,5,5,2,5,4,5,5,2,4,1,2,4,4
25,2,6,1,5,4,2,4,5,4,4,5,4,5,3,4,5,4,4,4,5,2,3,3,1,4,1,1,5,4,5,5,4,3,4,4,5,4,5,4,4,5,4,5,3,4,3,5
22,2,3,1,1,4,3,3,3,3,4,5,5,5,4,4,4,4,2,3,3,2,3,3,3,3,3,3,3,3,2,4,3,2,4,4,4,3,4,2,4,4,4,4,3,4,4,4
36,1,6,2,2,5,5,5,5,5,4,4,4,5,5,5,5,5,5,5,5,5,1,5,1,5,5,5,5,5,5,5,5,4,4,4,5,5,5,5,5,5,4,5,5,1,1,5
20,2,1,1,2,3,4,4,4,4,2,4,4,4,3,2,3,4,4,2,4,4,2,2,2,3,2,2,1,2,2,4,4,3,4,4,4,3,4,4,4,4,4,2,2,2,4,4
41,1,6,2,2,4,4,2,2,3,2,2,3,2,2,2,4,4,3,3,3,4,3,4,4,4,4,3,5,5,5,3,3,4,3,2,4,4,3,3,4,2,2,3,3,2,2,3
21,1,6,1,5,5,4,5,4,5,4,5,4,4,5,4,3,4,5,4,3,2,2,1,2,3,2,1,5,4,5,4,4,5,4,4,5,5,5,4,5,4,4,5,4,3,4,4
35,2,6,2,3,4,4,5,5,4,2,3,4,5,5,5,5,5,5,5,5,5,2,5,5,5,5,5,4,5,2,4,5,4,2,3,4,3,4,4,5,5,3,3,3,3,4,4
22,2,2,2,2,5,5,4,4,3,1,2,5,2,1,2,1,1,4,4,1,2,4,2,2,4,4,3,1,5,5,4,4,5,4,2,5,5,5,4,4,4,2,5,4,3,4,5
21,2,6,1,1,4,3,1,4,1,4,2,3,1,1,2,2,2,3,3,3,4,4,3,3,3,3,4,5,3,5,3,3,3,4,3,3,3,3,3,4,3,4,3,4,3,3,2
32,2,1,2,1,1,4,1,1,1,1,1,1,1,1,4,1,1,4,1,1,5,5,4,5,5,5,5,4,5,5,5,4,5,5,5,4,4,5,5,5,5,5,5,5,5,5,5
29,1,1,1,5,4,3,2,1,3,4,2,3,2,2,1,2,5,2,3,3,5,4,4,5,5,5,4,2,4,3,1,1,5,1,4,3,3,3,3,4,4,2,1,2,2,2,2
24,2,1,1,5,3,2,5,2,1,4,4,3,5,2,1,1,5,2,5,4,5,4,2,5,4,5,5,4,5,5,3,3,4,2,3,3,4,2,3,3,4,2,4,1,1,2,3
39,1,1,1,4,4,2,5,1,4,4,5,4,5,1,1,5,5,5,5,4,5,5,2,5,4,2,2,1,5,1,5,4,5,5,5,4,5,5,5,5,5,4,5,4,2,5,4
25,1,6,1,4,2,4,5,4,5,4,5,5,4,4,4,5,4,5,4,5,2,1,1,2,5,2,1,4,5,4,4,5,4,4,5,4,5,4,4,5,4,5,5,4,4,4,4
22,2,1,2,2,3,4,2,5,2,3,4,2,2,1,3,3,5,3,4,5,5,2,4,3,4,5,4,2,1,4,2,2,5,4,4,4,5,5,4,5,5,2,1,2,3,3,4
30,2,6,1,6,3,3,2,2,5,2,1,1,1,2,2,1,1,1,1,1,4,3,3,3,1,5,4,2,2,3,2,3,3,3,3,4,4,4,4,3,3,2,2,3,3,4,4
24,1,1,1,6,4,4,4,3,4,5,4,4,4,4,4,4,2,4,5,3,2,1,4,2,5,4,2,3,4,4,3,1,3,3,3,3,4,4,4,4,4,3,4,4,3,4,3
24,1,1,1,3,4,4,1,1,4,1,1,2,4,4,1,2,2,4,2,4,4,4,4,4,5,5,4,1,5,5,2,2,4,2,5,4,4,4,4,4,4,2,2,2,2,3,4
70,1,1,1,3,4,4,4,4,3,4,5,3,4,2,5,5,5,5,4,4,5,5,5,5,5,5,5,1,5,5,4,4,4,4,3,3,4,4,5,5,5,5,5,4,4,5,4
31,1,1,1,3,5,2,2,3,3,3,4,2,2,2,1,1,3,3,4,3,3,5,4,4,2,5,4,1,2,3,4,1,2,3,1,2,2,3,3,2,1,4,4,4,3,1,1
20,1,1,1,5,1,4,1,5,5,4,5,2,1,1,2,5,5,4,4,2,5,3,2,5,4,4,2,2,4,5,2,2,5,2,5,2,4,5,5,5,4,1,2,4,5,5,2
28,2,5,1,1,4,5,5,5,4,4,5,3,5,4,5,3,4,4,5,4,2,1,2,2,3,2,1,5,4,5,5,3,4,3,4,4,5,5,5,5,5,5,4,4,5,4,5
21,2,1,1,6,4,3,5,2,3,1,4,3,5,5,2,4,4,3,4,4,3,2,2,3,4,5,2,5,3,2,4,3,4,5,4,5,5,5,4,4,5,4,5,4,4,5,5
36,1,7,1,5,4,4,5,5,4,4,5,3,5,5,5,2,5,5,4,5,5,3,4,5,5,5,5,2,5,5,4,2,5,4,4,4,3,4,4,4,4,3,3,2,2,2,3
35,1,1,1,4,4,5,5,5,1,4,4,4,4,4,5,5,5,5,NA,4,5,1,5,2,5,2,5,4,5,5,4,5,4,4,5,5,4,5,4,5,5,4,4,1,3,4,1
55,2,1,1,6,5,2,5,5,3,4,4,5,4,2,2,2,5,4,2,5,4,4,2,4,5,4,5,5,5,5,4,5,5,4,5,5,5,5,5,5,5,4,4,3,4,4,5
21,2,1,2,2,5,4,5,2,2,2,5,5,3,3,2,4,5,3,1,1,4,2,2,4,4,3,4,1,4,3,3,3,3,3,2,2,4,4,4,3,3,3,3,3,3,3,3
21,2,6,1,3,4,3,4,5,3,5,4,5,5,4,5,4,4,4,2,4,1,1,2,2,5,3,1,4,5,5,4,5,3,5,4,4,5,4,5,4,5,4,5,4,3,4,4
25,2,6,1,5,4,3,4,5,4,5,3,5,4,5,2,3,4,4,5,4,2,2,3,2,4,1,2,5,3,5,5,4,4,5,5,5,5,4,3,5,4,5,3,5,3,5,3
21,2,6,1,3,5,5,5,5,5,5,4,4,4,4,5,5,5,5,2,4,2,2,2,2,4,2,2,4,4,5,3,3,4,4,4,4,2,4,4,4,5,5,5,4,4,4,4
24,2,6,1,4,4,4,4,4,4,4,5,4,5,4,5,4,4,5,4,5,1,2,2,2,5,2,2,5,5,4,4,5,5,4,5,4,5,4,4,5,4,4,5,5,5,4,4
29,1,2,1,4,4,4,5,4,3,2,3,4,5,5,5,4,5,5,4,4,5,5,4,5,5,5,5,5,3,5,3,3,3,3,3,3,3,3,3,3,3,3,3,3,3,3,3
63,2,1,1,4,4,5,5,1,3,2,5,2,5,4,5,5,5,5,5,5,5,4,5,5,5,5,3,5,5,5,5,4,5,4,4,4,4,5,5,5,5,5,3,4,4,4,3
28,2,1,1,3,4,4,5,2,3,2,5,1,2,1,2,5,5,4,4,5,4,2,2,2,4,2,2,5,5,5,NA,5,4,4,3,4,4,4,4,4,4,4,5,4,3,4,4
21,2,2,1,3,4,5,4,4,2,5,3,4,5,4,5,4,4,5,2,4,2,1,1,2,5,2,2,5,4,5,4,4,3,4,5,5,4,5,3,4,5,5,4,4,2,4,4
22,2,6,1,5,5,5,4,5,5,5,4,5,5,5,4,5,5,5,4,5,1,2,1,1,4,1,2,5,4,5,5,5,4,5,4,5,4,5,4,5,5,4,5,4,5,5,4
22,2,7,1,4,3,5,3,2,5,4,5,5,4,4,5,3,4,5,4,2,1,2,1,2,5,5,1,5,2,5,4,4,5,2,4,5,4,3,4,3,4,2,5,4,1,3,5
28,2,1,1,3,4,4,5,5,2,2,2,4,1,2,4,2,2,4,4,1,4,4,5,5,5,4,4,5,4,5,4,4,4,4,4,4,5,5,5,5,5,5,4,4,2,4,4
22,2,6,1,3,5,4,5,4,5,4,4,5,5,4,5,4,5,4,5,5,1,1,1,1,5,2,2,5,4,4,5,4,5,5,4,5,4,5,4,4,5,5,4,5,4,5,5
25,2,1,1,4,4,2,3,3,2,4,2,4,4,2,4,2,2,2,2,2,2,3,4,2,5,2,4,2,2,4,4,2,4,3,3,2,4,3,3,2,2,2,2,2,1,2,2
24,2,1,1,3,5,5,1,2,2,3,2,2,4,5,1,2,5,4,2,4,5,2,2,5,4,2,1,1,1,1,4,3,4,5,4,3,2,5,5,5,5,2,3,3,2,4,3
27,2,2,1,4,4,4,3,1,4,4,2,3,5,3,4,4,5,5,5,5,4,1,5,5,5,5,2,5,5,5,3,2,4,4,4,5,2,5,4,5,5,2,4,3,4,3,4
39,2,1,1,4,3,3,4,3,2,4,3,4,3,3,4,3,4,4,5,3,2,3,4,4,4,3,4,3,1,5,3,4,4,4,4,4,3,4,4,4,4,3,3,4,3,3,3
28,2,2,1,3,5,5,5,5,5,5,4,5,4,2,5,5,5,5,5,5,3,1,5,4,5,5,5,5,5,5,4,5,4,4,4,5,2,5,4,5,5,5,5,2,4,4,5
31,2,1,1,4,5,4,5,5,4,5,5,5,5,4,2,4,5,4,4,4,2,2,4,5,4,4,2,5,4,5,5,4,5,5,5,4,2,5,5,5,4,4,5,4,2,4,4
43,1,1,1,6,1,3,5,5,3,1,2,1,1,1,5,5,1,1,3,5,5,5,1,5,5,4,5,5,5,5,1,3,4,3,2,3,5,3,3,4,3,4,1,4,2,3,4
41,2,2,1,6,5,5,5,5,5,4,3,5,5,5,5,2,5,4,5,5,1,1,1,1,5,1,1,5,5,5,5,5,5,5,5,5,5,5,5,5,5,5,5,5,5,1,5
19,2,1,1,3,5,4,2,2,4,4,3,4,4,4,5,5,4,5,4,4,3,4,3,3,4,2,3,3,2,3,4,3,4,4,3,4,3,5,4,4,4,3,3,4,4,3,4
22,1,1,1,2,4,5,5,4,5,5,5,5,5,1,1,3,5,4,4,4,5,4,2,5,5,5,5,4,5,5,4,4,5,5,5,5,4,5,5,5,5,4,4,5,4,5,4
44,1,2,1,4,4,4,4,4,2,4,5,4,5,4,5,5,5,5,4,5,5,5,5,5,5,3,5,1,5,5,1,3,4,4,4,4,2,4,4,4,4,5,5,5,3,4,3
20,1,1,1,1,2,1,1,3,1,1,3,5,3,2,1,3,4,2,3,3,2,3,3,2,2,2,3,1,1,1,2,1,3,3,3,1,4,1,1,1,1,3,2,3,3,2,1
37,2,1,1,3,5,4,5,5,5,4,4,5,5,5,4,5,4,5,4,5,1,2,1,2,5,2,3,4,3,2,4,5,3,5,4,5,4,4,5,5,5,4,5,5,4,5,4
25,1,6,1,5,5,4,3,4,4,5,2,5,4,5,4,2,4,4,1,4,2,2,1,3,4,2,2,5,4,5,5,4,4,4,5,4,4,5,4,5,3,5,5,4,3,3,5
55,1,6,1,6,5,5,5,5,5,5,5,5,5,5,5,5,5,5,5,5,5,5,5,5,5,5,5,1,5,5,5,5,5,5,5,5,5,5,5,5,5,1,2,2,1,5,5
36,1,2,1,2,5,5,5,1,1,4,5,5,5,5,5,5,5,5,5,5,5,1,1,1,5,5,5,5,5,5,5,4,5,5,5,5,5,5,5,5,5,5,5,5,5,5,5
21,2,6,1,4,4,5,4,4,5,4,5,4,5,4,5,4,4,5,4,5,3,2,1,2,5,2,1,1,1,1,3,5,4,5,4,5,3,5,5,4,5,4,5,5,4,3,4
31,2,4,1,5,4,3,4,5,3,4,3,3,3,4,4,3,3,3,4,4,2,3,3,3,2,2,2,4,3,4,4,4,4,4,3,3,3,3,3,3,5,4,4,4,4,3,4
25,2,6,1,4,4,4,5,4,4,4,4,5,4,3,5,5,4,5,5,4,2,2,1,1,4,1,3,4,4,4,5,5,4,4,4,5,5,4,5,4,5,4,4,5,4,4,4
22,1,6,1,6,4,5,5,5,5,5,5,5,5,5,4,5,5,5,5,5,5,4,5,5,5,5,5,5,5,5,5,4,5,5,5,4,5,4,4,4,4,4,3,3,2,4,3
28,2,3,2,1,5,5,4,4,4,3,5,5,3,4,3,5,2,4,5,2,3,2,3,2,4,2,2,5,5,5,4,3,2,1,3,4,5,4,4,4,4,4,4,4,4,4,4
35,2,6,2,3,5,4,4,4,5,4,5,4,5,4,5,4,4,5,4,5,2,1,1,1,5,2,2,4,5,4,4,5,4,4,4,4,5,4,4,5,4,4,4,5,4,4,5
28,2,1,1,5,4,3,4,4,5,4,4,4,2,2,4,2,3,4,4,2,2,2,2,2,2,2,2,3,4,2,5,4,4,3,5,4,2,5,4,3,3,5,3,5,2,4,2
22,1,6,1,1,2,3,3,3,2,2,4,3,2,2,1,1,1,1,1,1,2,4,3,3,3,2,5,5,3,5,1,1,1,1,1,1,4,1,1,1,1,1,1,1,1,1,1
22,2,6,1,5,5,5,5,4,5,5,5,5,5,4,4,3,4,4,5,5,1,1,1,1,5,1,2,4,4,5,5,5,5,5,5,5,4,4,4,4,5,4,5,5,5,4,4
65,1,1,1,3,4,5,5,2,1,5,5,4,5,4,2,4,5,5,4,5,5,5,4,5,5,5,5,5,5,5,4,4,4,5,5,5,5,5,5,5,5,5,4,4,4,5,5
23,2,3,1,4,4,4,1,5,4,2,4,3,1,1,3,1,5,3,4,3,2,3,1,3,2,1,1,3,5,5,2,1,5,2,3,2,3,2,2,2,2,4,3,2,1,2,3
23,2,3,1,3,3,1,2,3,4,3,3,2,2,3,4,4,3,4,3,3,2,4,4,3,3,4,3,4,2,3,3,3,3,3,4,3,3,3,3,3,3,3,4,3,3,4,2
22,2,3,1,5,3,3,4,4,4,3,3,3,4,3,3,1,4,3,4,3,5,4,3,4,3,2,4,5,5,5,3,3,5,5,5,5,5,4,5,5,5,5,5,5,4,4,4
44,2,1,1,2,5,4,2,1,2,1,5,4,5,4,1,1,1,4,4,1,5,5,5,5,5,5,5,5,5,5,1,1,5,4,4,2,5,4,1,2,2,4,4,2,2,4,2
24,2,1,1,3,5,4,4,4,3,4,2,5,4,4,4,5,5,4,3,4,5,3,4,4,5,4,5,3,5,5,4,3,3,4,4,4,3,4,4,4,4,4,5,4,3,3,4
25,1,1,1,2,4,2,2,2,3,2,5,2,3,1,2,2,2,2,2,1,5,4,4,3,1,3,3,2,3,4,3,3,3,3,3,2,3,2,3,3,2,3,4,4,2,3,3
25,1,6,1,4,4,5,4,4,4,4,3,4,4,4,5,4,4,5,4,4,1,1,2,1,3,2,1,3,4,4,4,4,4,4,5,4,4,4,5,5,4,5,4,5,4,4,4
41,2,2,1,5,5,5,4,4,5,5,5,5,5,5,5,2,5,5,5,5,2,1,1,1,5,1,1,5,5,5,5,5,5,4,5,5,5,5,5,5,5,5,5,5,3,1,5
29,1,1,1,4,4,3,3,4,4,4,5,4,2,2,4,4,5,5,5,5,5,5,2,5,3,5,5,1,4,5,3,3,5,4,3,3,4,4,4,5,5,4,4,4,3,4,4
21,2,6,1,5,5,4,5,4,3,4,2,3,4,4,5,4,3,4,3,5,2,3,2,2,4,3,2,5,4,5,5,4,4,5,4,5,4,5,5,5,4,4,5,4,3,5,4
40,1,6,1,5,4,4,4,5,4,4,4,4,3,4,3,4,4,4,3,1,3,2,4,1,4,1,3,5,5,5,5,4,3,3,2,4,4,5,4,4,3,4,4,4,5,4,4
43,2,1,1,6,4,4,5,5,2,2,5,4,1,1,1,4,4,4,4,2,2,4,2,5,4,4,4,2,2,5,4,4,4,2,4,4,4,4,4,5,4,2,4,2,2,2,2
50,2,1,1,5,4,5,4,5,4,5,4,5,5,4,5,4,5,4,5,5,2,1,1,2,5,2,1,4,5,4,5,4,5,4,5,4,5,4,5,4,5,4,5,4,5,4,5
22,2,6,1,5,5,5,4,5,5,5,5,5,5,5,5,4,5,5,5,5,1,2,1,1,5,1,1,5,5,4,5,5,4,5,5,5,4,4,5,5,5,5,5,5,5,5,4
25,2,6,1,4,4,3,4,4,5,2,4,4,4,3,4,3,5,5,4,3,1,3,3,2,4,4,4,4,3,3,4,4,5,5,3,4,5,5,3,4,4,4,4,3,3,4,2
32,2,1,1,4,1,3,1,1,3,1,4,4,4,1,2,3,5,4,1,4,5,5,2,3,4,5,4,1,2,2,1,3,4,4,4,4,4,4,4,4,4,1,2,3,4,4,3
37,2,7,1,6,5,4,5,5,4,5,5,2,5,5,5,5,5,5,5,3,5,1,2,5,2,5,1,4,5,5,5,3,5,5,5,4,5,5,5,5,4,1,5,5,5,4,3
33,1,6,1,3,4,3,3,3,3,3,2,3,3,2,4,4,3,2,2,2,4,5,NA,2,5,4,2,2,4,2,4,2,2,3,3,4,4,3,3,2,3,1,4,2,4,3,3
24,1,1,1,1,1,5,5,5,5,5,5,1,5,5,5,5,5,5,5,5,5,5,5,5,5,1,5,5,5,5,5,5,5,5,5,5,5,5,5,5,5,5,5,5,5,5,5
25,1,3,1,5,5,4,5,4,5,4,5,4,5,4,5,4,5,4,5,4,1,2,1,2,5,2,1,4,5,4,5,4,5,4,5,4,5,4,5,4,5,4,5,4,5,4,5
22,1,1,1,1,5,5,3,4,5,4,4,4,2,2,2,4,4,4,2,4,5,4,4,4,5,5,4,4,5,5,3,4,4,4,5,4,5,4,4,4,4,2,3,1,2,4,2
31,2,1,1,5,4,3,5,3,3,4,5,1,5,5,4,5,5,4,4,4,1,1,1,1,5,1,2,3,4,4,4,4,5,5,4,4,4,5,5,4,5,5,5,5,5,3,4
36,1,1,2,3,1,5,5,5,5,4,4,4,5,4,2,4,2,2,2,2,1,3,2,2,3,3,5,5,4,5,5,1,5,5,5,4,5,5,5,5,5,3,1,4,4,5,4
39,1,2,1,4,4,4,4,4,3,4,4,4,4,3,4,5,4,3,4,3,4,2,4,4,4,4,5,5,5,5,5,4,5,4,4,5,4,5,4,5,4,4,3,3,3,4,4
22,1,6,1,3,4,3,5,4,1,4,5,5,4,5,4,1,4,5,4,4,5,2,1,2,5,2,2,5,4,5,5,5,5,5,4,5,5,5,4,5,5,3,5,4,2,4,5
46,1,1,1,6,5,1,5,5,5,1,4,5,5,5,1,5,5,5,3,2,5,5,1,5,5,5,5,1,5,5,1,1,4,2,1,1,5,1,1,1,1,1,1,1,1,1,1
28,2,6,2,4,5,5,4,3,4,5,3,5,5,5,5,5,4,3,5,4,3,2,1,2,5,2,1,5,5,5,5,4,4,5,5,5,5,5,5,5,5,5,5,5,5,5,5
21,2,2,1,4,4,5,4,5,5,4,5,5,5,2,4,5,5,5,3,5,3,4,5,5,5,5,2,5,5,5,2,4,5,3,4,4,2,5,4,5,5,4,5,4,2,4,4
18,2,1,1,4,4,4,3,4,3,3,5,5,3,3,4,4,4,3,4,4,2,2,2,2,4,2,3,4,4,4,3,4,3,4,4,4,4,3,4,4,4,3,3,3,4,4,4
21,2,6,1,4,5,4,4,4,4,4,5,5,5,5,5,5,5,5,5,4,2,2,4,4,5,1,2,5,4,5,4,4,4,4,4,5,2,5,4,4,4,4,5,4,4,3,4
25,2,2,1,5,5,4,2,1,3,4,1,4,5,2,2,5,5,4,4,4,3,2,5,2,5,5,5,1,5,5,4,4,4,5,4,5,2,5,5,5,5,2,5,2,4,4,5
30,2,2,1,3,4,3,3,3,3,2,4,3,4,4,4,4,3,3,3,4,3,2,2,3,3,1,2,4,4,3,3,4,3,3,3,5,4,3,3,3,3,3,3,2,4,4,3
32,2,1,1,3,5,4,5,5,4,5,4,4,5,5,4,5,5,5,5,4,3,2,4,2,5,5,2,5,4,5,5,4,5,4,5,4,4,5,5,5,5,4,3,4,4,5,5
22,1,2,1,6,2,4,5,5,4,2,5,4,5,1,4,5,5,5,5,5,2,5,5,5,5,3,4,5,5,5,1,1,5,4,5,1,4,4,5,5,5,2,5,2,2,4,2
29,1,1,1,3,4,4,3,3,4,4,3,4,4,4,3,3,4,3,4,5,3,2,2,3,3,3,3,2,3,2,2,3,4,3,3,3,4,4,3,4,4,3,4,3,3,4,2
20,2,1,1,4,5,4,2,4,5,5,5,5,2,1,4,1,5,2,4,3,3,3,4,4,4,3,2,2,5,5,2,2,4,5,5,3,4,3,3,4,4,2,2,1,1,1,1
66,2,1,1,4,2,2,5,5,1,3,3,4,4,2,2,2,5,3,3,5,1,4,4,3,4,3,5,5,5,5,3,3,3,3,3,3,3,3,3,3,3,3,3,3,3,3,3
37,1,2,1,3,5,4,5,4,2,NA,4,4,4,4,2,5,5,4,5,4,5,5,5,5,5,4,5,2,5,5,2,4,5,4,4,4,4,4,4,5,5,4,4,3,2,4,3
33,2,1,1,3,2,3,3,2,2,2,1,1,2,3,2,4,2,1,1,2,5,3,1,4,2,4,2,3,2,2,4,5,2,2,5,3,4,3,5,1,2,2,4,2,1,1,1
28,2,1,1,2,1,4,1,1,1,4,1,4,1,5,1,4,5,5,3,2,5,5,5,5,5,5,5,5,5,5,1,1,2,1,4,1,1,1,1,1,1,1,1,1,1,1,1
25,1,1,1,4,5,4,5,5,5,5,5,5,5,1,5,5,5,5,5,5,5,5,5,5,5,5,5,5,5,5,5,4,5,5,5,5,2,5,5,5,5,5,5,5,3,4,5
28,2,6,1,1,4,5,4,5,4,5,1,1,5,5,4,1,1,4,2,4,2,2,3,3,4,3,3,4,5,5,1,4,5,5,4,5,4,5,4,5,4,5,3,5,4,4,1
29,2,6,1,6,5,4,4,4,5,5,5,4,4,5,5,3,5,5,5,5,5,4,5,4,5,5,4,2,4,5,4,5,5,5,5,5,2,5,5,5,5,3,3,3,3,3,5
45,2,1,1,1,4,2,4,3,4,2,4,2,4,2,4,3,2,2,3,4,3,2,4,2,3,2,3,2,2,4,4,3,2,4,2,3,2,4,4,2,3,4,2,2,4,2,4
25,1,1,1,1,4,3,5,4,1,3,1,5,1,1,5,3,4,4,4,3,1,5,5,2,5,3,5,5,5,5,1,1,4,4,5,3,5,5,4,4,5,4,3,3,1,3,4
25,2,6,1,4,5,4,4,5,4,5,3,5,4,5,3,2,2,5,4,5,2,2,1,2,5,2,1,5,5,5,5,4,4,4,4,5,5,5,5,4,5,4,5,5,4,4,5
43,2,1,1,2,1,5,2,2,3,1,1,2,3,3,5,5,5,5,5,5,5,3,3,1,5,3,5,5,5,1,1,3,5,3,5,5,5,5,5,3,3,4,3,3,1,2,1
31,1,1,1,2,4,4,2,1,1,2,5,1,1,3,4,1,3,4,1,1,4,3,2,1,3,2,4,1,1,2,4,3,5,2,3,3,2,2,4,4,4,4,3,4,2,3,3
21,1,6,1,4,4,4,4,4,4,5,3,4,5,4,5,3,5,4,5,4,1,2,1,2,5,2,1,3,4,5,4,5,4,3,4,5,4,5,4,5,3,5,5,4,3,5,4
23,2,1,1,1,3,3,3,4,2,5,2,5,2,3,4,3,4,2,4,2,2,4,3,4,3,1,3,2,3,1,4,3,3,4,3,4,2,2,2,4,5,4,3,3,3,4,2
64,1,1,1,2,4,3,2,2,2,4,3,4,5,3,3,3,5,5,5,5,5,5,5,5,5,5,5,5,5,1,5,5,5,5,5,5,3,4,4,4,4,3,3,3,2,3,3
30,1,2,1,5,5,5,4,4,4,4,3,4,5,4,5,5,5,5,5,5,1,1,2,2,5,5,2,1,5,1,4,5,5,5,5,5,4,5,5,5,5,2,4,4,4,4,5
30,2,6,1,4,5,4,2,5,4,4,5,4,5,1,1,1,5,2,4,1,5,4,4,5,5,5,5,1,5,5,2,2,4,2,2,4,4,4,3,4,4,3,4,4,2,2,2
23,2,1,1,3,2,3,3,3,2,3,2,2,3,2,3,2,3,2,2,2,4,4,4,1,3,3,4,3,2,3,5,5,5,5,4,5,4,5,5,4,4,5,5,5,4,4,5
38,2,1,1,1,2,4,2,2,5,2,1,4,4,3,1,5,5,5,1,3,5,5,2,5,5,1,5,5,5,5,5,5,4,5,4,4,3,4,4,4,3,1,4,1,1,3,3
35,1,1,1,4,4,4,5,2,3,5,4,5,4,4,3,4,4,2,5,3,2,1,1,2,4,1,5,4,4,3,4,4,2,4,4,4,5,2,1,5,5,3,4,4,4,5,1
18,2,6,2,3,5,5,4,4,5,5,3,5,5,5,4,5,5,5,5,5,3,5,2,3,5,3,2,2,2,2,2,2,3,4,4,4,2,5,5,5,4,5,5,5,4,4,4
25,2,6,1,5,5,4,4,4,5,4,4,4,3,5,4,4,3,4,4,3,2,2,2,1,5,2,1,4,3,5,4,4,4,4,5,3,4,4,3,4,5,3,5,4,3,4,3
24,NA,7,1,3,4,5,2,2,5,4,4,5,5,5,3,3,5,4,3,5,2,2,4,3,3,4,5,2,4,4,2,2,3,2,3,2,4,1,2,4,1,3,1,1,1,3,1
58,1,1,1,6,5,5,5,5,5,5,5,5,5,5,5,5,5,5,5,5,5,5,5,5,5,5,5,5,5,1,5,5,5,5,1,5,5,5,5,5,5,1,5,4,3,5,5
31,2,3,1,3,5,5,4,4,5,5,3,4,4,4,4,2,2,4,3,2,2,2,3,2,4,2,2,2,3,5,5,5,5,5,5,5,5,5,5,5,5,5,5,5,5,5,5
23,1,1,1,4,4,3,2,2,1,4,5,4,4,2,2,2,5,3,2,2,5,4,5,5,5,5,5,4,4,5,4,5,5,4,5,5,5,5,5,5,5,5,5,5,5,5,5
28,1,1,1,5,4,5,5,5,5,5,5,5,5,5,5,5,5,5,3,1,5,5,5,5,5,5,5,5,5,5,1,1,5,5,5,1,1,4,5,5,5,4,4,5,5,5,5
43,1,1,1,6,2,4,3,2,4,2,1,2,1,1,5,1,4,1,4,4,3,3,2,2,4,3,5,5,5,5,5,3,4,4,4,4,3,3,4,4,4,4,4,4,2,4,4
32,1,1,1,5,5,5,4,4,5,3,4,5,4,3,4,5,4,5,4,3,1,3,2,2,3,2,3,1,3,1,5,4,3,4,5,4,4,5,4,3,4,5,3,2,4,3,5
51,1,2,1,3,4,4,4,4,4,5,3,5,5,4,4,4,4,5,3,4,3,2,2,2,4,3,2,4,4,3,3,4,4,4,5,5,4,5,5,4,5,4,4,3,4,4,4
24,2,1,1,2,5,5,2,5,5,4,5,5,5,5,5,1,4,5,5,5,2,2,4,4,4,4,1,1,2,5,5,4,4,2,4,3,3,3,4,4,4,2,4,4,2,3,4
33,1,3,1,2,3,4,3,4,3,4,4,5,5,5,3,3,5,4,4,4,3,1,3,1,4,3,1,3,3,5,4,5,4,5,3,4,3,4,4,4,5,5,3,4,5,4,2
28,2,1,1,2,4,3,5,3,4,4,3,4,3,3,3,3,4,4,5,4,2,3,4,2,4,3,1,2,3,2,4,4,4,3,3,5,4,5,5,3,4,5,4,4,5,4,4
29,NA,7,1,1,5,4,1,2,4,4,4,4,4,2,3,3,4,4,5,5,5,4,5,5,5,4,5,2,5,4,4,4,4,5,5,5,2,4,5,5,5,3,3,4,2,4,3
22,2,6,1,5,5,5,5,5,5,4,5,5,4,4,5,5,5,5,5,5,1,1,1,1,5,1,1,3,4,3,5,5,5,5,5,5,4,5,5,5,5,4,4,4,5,5,4
20,2,2,1,4,5,4,5,4,5,4,4,5,3,4,3,4,3,4,5,5,5,2,3,3,3,2,1,1,3,4,4,5,4,5,5,5,4,5,5,3,4,3,3,4,5,5,5
34,2,2,1,4,4,5,4,5,5,4,5,4,5,5,5,4,4,5,4,3,1,1,1,2,4,1,2,5,5,4,5,4,5,5,5,4,5,4,4,5,5,5,4,5,4,5,5
23,2,1,1,4,2,4,1,4,2,2,1,4,1,4,1,1,4,4,3,2,2,2,4,2,4,2,4,2,1,5,2,2,4,2,2,2,4,2,2,3,2,4,4,2,4,2,3
20,1,5,1,4,NA,NA,NA,NA,NA,NA,NA,NA,NA,NA,NA,NA,NA,NA,NA,NA,NA,NA,NA,NA,NA,NA,NA,NA,NA,NA,5,4,4,4,4,4,2,5,5,5,5,5,5,5,5,5,5
26,2,2,1,2,5,4,5,3,5,4,3,5,4,4,5,5,4,4,5,4,2,2,1,1,3,3,2,5,5,4,5,4,3,4,5,4,3,4,5,4,4,5,4,4,5,4,4
25,2,6,1,5,4,4,5,4,4,5,5,3,4,4,4,5,4,5,5,4,1,2,2,2,4,2,2,4,5,4,4,5,4,5,4,5,4,5,5,5,5,4,5,4,4,5,4
19,1,6,1,6,5,2,4,4,1,2,5,4,5,1,1,3,1,3,4,1,3,4,4,2,5,2,5,5,5,5,1,1,4,1,2,2,5,2,2,3,3,2,1,1,2,2,2
34,2,1,1,5,5,4,5,4,4,4,2,5,1,1,4,5,5,4,5,5,5,5,5,5,5,5,5,1,5,1,2,5,4,4,1,4,5,5,5,5,5,1,4,1,1,4,4
39,2,1,1,2,4,3,4,3,3,4,4,4,4,3,4,3,4,2,4,3,2,3,2,2,2,3,2,2,3,2,4,3,4,3,4,3,3,4,4,3,3,4,4,3,4,3,4
43,1,6,1,5,5,5,5,5,5,5,5,5,5,5,5,5,5,5,5,5,5,5,5,5,5,5,5,5,5,5,4,4,4,4,5,5,5,5,5,5,5,5,5,5,2,4,4
33,1,2,1,2,4,4,5,3,4,2,2,2,3,1,2,2,4,3,4,4,5,4,5,5,5,4,5,5,5,1,5,4,5,5,5,5,5,5,5,5,5,5,5,4,4,4,4
33,2,1,1,5,4,3,5,5,4,1,5,4,5,5,5,4,4,5,5,4,5,2,3,2,5,3,3,1,3,5,4,4,5,4,5,5,5,4,5,5,5,3,3,3,4,3,5
46,1,1,1,4,4,4,5,5,5,3,3,3,1,1,5,3,5,5,5,4,5,5,5,5,5,5,5,5,5,5,4,4,5,5,5,5,5,5,5,5,5,5,5,5,5,5,5
33,2,1,1,3,4,4,4,4,4,4,5,4,5,1,4,3,5,4,4,4,3,3,4,4,4,4,5,5,1,1,1,1,4,4,4,1,4,4,1,1,2,4,4,4,2,4,1
42,2,1,1,1,3,4,3,3,3,3,3,3,3,3,3,3,3,3,3,2,3,3,3,3,3,3,3,4,2,3,3,3,3,3,3,3,3,3,3,3,3,4,3,3,3,3,3
21,2,6,2,3,4,4,3,5,3,3,2,3,4,4,4,1,4,3,4,3,3,4,4,3,4,4,5,5,5,3,2,2,4,5,4,4,3,3,3,4,4,2,4,2,2,2,4
34,2,6,1,3,4,4,5,5,5,4,5,5,4,5,2,2,5,4,2,5,2,2,2,2,4,4,2,5,4,2,4,2,4,4,2,5,5,5,2,2,4,5,5,4,5,5,2
30,1,1,1,4,5,4,5,4,5,5,5,5,5,4,3,3,4,4,4,4,3,5,4,5,5,5,4,2,5,5,4,4,4,4,4,4,5,5,5,5,5,4,4,3,3,4,4
49,2,6,1,6,4,3,5,4,3,1,4,3,4,3,3,2,2,2,4,3,4,4,2,2,2,3,3,4,4,2,4,3,2,3,4,4,5,4,2,3,4,4,3,3,2,4,3
37,1,1,1,4,5,2,2,2,2,1,1,3,1,1,5,5,5,5,5,5,5,5,1,5,3,5,1,1,5,5,4,2,5,5,5,4,5,5,5,5,5,5,5,5,1,5,5
30,2,1,1,5,5,5,5,4,4,4,5,4,5,4,5,3,5,4,5,5,2,2,1,2,5,2,2,3,4,3,5,4,4,5,5,4,4,5,4,5,5,4,5,4,4,5,5
42,2,7,1,6,5,3,4,4,4,3,4,4,4,4,4,4,4,4,4,4,2,2,2,2,4,3,3,4,4,4,3,3,3,3,4,3,5,4,4,4,3,4,4,4,3,4,4
21,2,1,1,6,5,5,4,5,4,5,5,5,5,5,5,5,5,4,3,2,2,5,4,4,4,5,4,2,5,5,5,5,5,5,5,5,5,5,5,5,5,4,4,4,4,4,5
27,2,1,1,3,4,4,4,4,5,4,4,4,5,4,5,4,4,5,5,5,1,1,2,2,4,4,2,3,4,3,3,3,3,3,3,3,3,4,2,4,2,4,4,4,2,4,2
28,2,3,2,2,5,4,3,4,3,5,5,5,5,5,3,5,2,5,2,2,4,4,4,5,5,4,5,5,5,5,5,5,5,5,5,5,5,5,5,5,5,5,5,5,4,5,5
28,2,1,1,3,5,4,2,2,3,4,3,2,2,2,1,4,4,2,4,1,4,3,3,3,4,2,3,2,5,5,4,4,5,5,3,4,4,3,3,5,4,4,5,3,3,3,4
22,2,1,1,4,2,4,2,2,2,4,4,2,4,4,2,2,5,2,2,2,5,4,4,4,4,4,5,5,5,5,2,2,2,2,2,2,5,2,2,2,2,2,1,2,2,2,1
22,2,7,1,3,5,4,4,4,4,2,2,3,4,2,4,2,4,4,2,4,4,3,4,4,4,4,4,2,2,5,4,2,4,2,3,3,2,4,4,4,4,2,4,3,2,2,3
33,1,6,1,4,5,3,4,2,4,4,1,4,4,4,4,4,5,4,4,4,3,2,4,3,4,3,2,5,4,5,4,4,4,4,3,4,4,4,4,3,4,4,4,4,4,4,4
19,1,1,1,3,5,4,1,3,2,4,4,5,4,2,3,3,5,4,4,5,5,3,5,5,5,5,5,4,5,5,5,4,5,5,5,5,5,5,5,5,5,2,4,4,4,4,4
33,2,5,1,5,4,4,2,5,5,2,3,2,1,5,2,3,2,3,3,4,4,1,3,2,2,2,2,4,4,4,4,5,3,1,3,1,4,5,1,2,2,4,4,1,2,3,5
58,2,1,1,2,4,5,5,4,4,2,4,4,2,1,5,4,5,5,4,4,5,4,5,5,5,5,5,2,5,5,4,5,5,5,5,5,4,5,5,5,5,4,5,4,4,4,5
37,2,2,1,3,4,5,3,5,3,5,4,5,4,5,4,5,4,5,4,5,2,1,3,2,5,2,2,2,4,4,5,3,5,4,5,4,5,2,5,3,5,4,5,4,4,4,3
23,2,1,1,1,4,4,4,5,5,5,4,5,4,1,1,3,4,1,4,3,1,4,2,3,4,2,2,5,5,5,4,5,5,5,5,5,5,4,5,5,4,4,5,5,3,4,4
23,1,6,1,4,4,5,3,4,5,4,5,3,4,5,5,4,3,5,4,5,3,2,1,1,4,3,1,5,3,2,5,4,5,2,5,4,3,5,4,5,4,4,4,5,5,4,5
20,1,3,1,4,4,4,4,5,4,5,4,4,4,5,4,4,5,3,4,4,1,2,1,2,4,1,2,4,4,4,4,4,4,5,5,4,4,5,4,5,5,4,NA,4,5,4,5
26,1,1,1,1,4,5,5,4,5,4,5,4,4,4,4,1,5,4,5,4,4,4,5,4,5,4,5,4,5,5,4,4,4,2,4,4,4,4,4,5,4,4,3,4,2,2,2
31,2,1,1,4,5,5,2,2,3,5,4,4,4,2,2,3,5,5,4,4,5,5,5,5,5,1,5,5,5,5,5,5,5,5,5,4,5,5,5,5,5,4,4,2,2,3,4
27,2,1,1,3,1,4,1,2,4,4,2,4,3,1,2,5,4,4,2,4,5,2,5,4,4,2,2,5,5,5,3,4,2,5,4,2,1,3,2,4,2,2,4,2,1,4,3
23,1,6,1,4,5,5,5,5,4,1,3,4,4,1,4,2,5,5,3,3,5,3,5,5,5,5,5,5,5,5,2,3,3,4,3,4,5,5,4,5,5,1,4,4,4,4,4
22,2,3,2,3,2,3,3,2,4,2,1,4,1,2,1,1,4,1,2,2,3,4,5,3,5,4,4,2,5,5,1,2,5,2,4,4,4,5,5,5,5,2,2,2,1,3,2
35,1,1,1,4,3,3,4,3,3,3,3,3,3,3,4,2,2,3,3,2,4,3,5,4,3,3,3,5,3,5,2,3,3,3,3,2,3,3,1,2,3,3,3,3,3,3,3
22,2,6,1,5,3,4,3,4,3,4,4,2,4,5,2,1,5,4,4,3,1,1,1,3,4,3,1,1,4,4,4,4,3,3,5,3,4,3,4,3,4,3,2,3,3,4,3
20,1,1,1,2,5,4,3,5,5,5,5,5,4,4,4,5,5,4,5,4,2,1,1,2,4,1,1,5,5,4,5,4,4,NA,4,4,5,5,5,5,5,5,5,4,5,5,5
19,1,1,1,1,1,1,1,2,2,1,1,1,2,1,2,1,5,1,2,2,5,5,1,5,4,5,4,4,5,4,1,1,3,2,2,2,4,2,1,2,3,2,2,2,4,3,2
31,2,1,1,3,2,2,1,2,1,4,1,1,1,1,2,2,5,4,4,3,1,1,4,5,3,1,5,5,1,1,1,1,4,2,4,1,4,2,3,3,3,4,4,4,2,4,2
21,2,6,2,3,5,2,5,4,5,5,5,5,5,5,5,5,5,5,5,5,2,2,4,1,5,5,5,5,5,5,5,2,2,5,5,5,2,5,5,5,5,5,5,5,2,2,5
22,1,6,1,2,4,4,2,2,4,2,3,4,4,4,4,4,4,4,5,4,3,4,4,4,4,4,4,4,4,5,5,4,4,4,4,4,4,4,4,4,4,4,4,3,3,4,4
23,2,1,1,5,5,5,5,5,5,5,5,5,5,5,5,5,5,5,5,5,1,1,1,1,5,1,1,1,5,5,5,5,5,5,4,5,5,5,5,5,5,5,5,5,1,5,5
22,2,6,1,5,4,5,3,4,4,4,4,5,5,3,4,5,3,4,4,5,4,2,2,2,4,1,2,5,1,4,5,4,3,4,4,5,2,4,5,4,1,3,4,4,4,3,3
21,2,1,1,6,1,5,5,5,1,5,5,4,5,5,1,3,1,1,4,3,5,1,1,5,3,5,1,5,5,5,1,1,5,5,5,2,5,1,1,5,1,3,1,1,1,1,1
37,1,1,1,4,4,3,4,3,4,3,2,3,3,2,4,5,4,3,2,1,3,2,2,3,4,3,2,3,4,4,3,4,2,2,3,1,3,3,4,3,2,3,1,4,3,5,2
21,2,6,1,3,5,4,5,4,5,4,4,5,3,4,5,4,5,4,5,3,1,3,2,3,4,2,1,5,5,3,4,5,4,5,3,4,5,4,5,4,5,4,5,4,5,5,4
37,1,2,1,2,2,4,4,2,4,3,2,3,4,1,1,1,4,2,2,4,4,5,5,5,5,4,2,2,1,1,1,1,2,2,2,3,2,3,2,3,2,2,1,1,1,1,1
23,1,6,1,3,4,2,2,3,1,4,1,2,4,4,2,5,3,3,2,4,3,3,4,3,3,3,5,4,2,2,4,1,4,2,4,3,3,1,3,5,4,2,2,3,5,3,5
37,1,1,1,2,1,1,1,1,1,1,NA,NA,NA,NA,1,5,5,3,5,2,2,2,5,5,5,1,5,5,5,2,2,4,4,5,4,3,1,5,5,5,5,5,5,5,4,4,5
25,1,2,1,4,5,5,5,5,5,5,5,5,5,5,5,5,5,5,5,5,5,1,5,5,5,5,5,5,5,5,5,5,5,5,4,5,1,5,5,5,5,5,5,2,5,5,5
21,1,1,1,1,5,4,2,5,3,5,5,5,1,1,1,5,4,4,2,2,3,4,2,5,5,5,4,5,1,5,2,2,3,4,4,4,4,3,4,3,3,4,3,4,2,4,3
21,2,3,1,5,4,5,4,5,4,4,4,4,4,4,4,5,4,5,5,5,1,1,1,1,4,2,2,5,4,4,4,4,5,4,3,4,5,5,5,5,4,4,4,5,5,5,5
43,1,1,1,6,5,4,5,5,4,3,2,4,2,1,3,4,5,4,5,3,4,5,3,3,4,5,5,1,3,5,4,4,4,5,5,5,1,3,4,4,4,4,3,3,4,4,4
38,2,2,1,4,5,5,5,5,5,5,5,5,5,4,5,1,5,5,5,5,5,3,3,3,4,3,2,1,5,5,5,5,5,5,5,5,2,5,5,5,5,5,3,5,5,5,5
25,1,6,1,5,4,5,2,3,4,3,4,4,3,3,5,1,3,5,4,4,1,3,1,3,4,1,2,2,5,1,5,5,3,4,5,2,5,5,5,4,5,3,3,3,3,4,5
47,1,1,1,1,4,3,5,5,4,4,3,5,5,2,4,4,4,4,4,3,5,5,5,5,5,5,5,5,5,5,3,3,3,4,4,4,4,4,4,4,4,4,3,3,3,3,3
25,2,6,1,4,5,4,5,4,5,4,4,5,4,5,4,4,5,4,5,5,1,2,1,1,4,1,2,5,4,5,5,5,4,5,4,5,4,5,4,5,4,5,4,5,4,5,4
43,2,1,1,5,5,5,4,4,4,5,5,5,5,1,3,3,5,2,5,3,5,5,4,5,4,5,5,2,5,5,4,3,5,5,5,4,5,4,5,4,4,4,4,4,3,4,4
35,2,3,1,3,5,4,4,5,3,4,5,5,5,5,1,5,2,1,3,4,4,1,4,4,5,5,5,5,2,1,4,4,4,5,5,5,5,5,5,5,5,4,4,4,3,5,4
33,2,1,1,3,5,5,5,5,4,5,5,5,5,1,5,5,5,5,5,5,5,5,2,4,5,5,5,5,5,5,5,4,5,5,5,5,5,5,5,5,5,5,5,5,5,5,5
21,1,1,1,1,4,5,4,5,4,2,3,4,5,4,4,5,5,4,4,4,3,2,1,1,4,2,3,5,4,4,5,3,5,4,5,4,4,4,4,5,5,4,5,4,5,5,5
36,1,6,2,2,5,5,5,5,4,5,5,5,5,1,5,5,5,5,5,5,5,3,5,1,5,5,5,5,5,5,5,5,4,5,5,4,5,5,5,5,5,5,5,4,3,3,5
35,2,6,1,5,4,4,5,5,4,4,4,5,5,4,5,3,4,5,4,4,1,2,2,1,5,2,1,5,4,5,5,5,4,5,4,4,4,5,5,4,4,4,4,5,5,5,4
26,2,2,1,2,5,4,4,3,4,4,3,5,4,3,4,3,4,3,5,3,2,2,2,2,4,3,3,5,3,4,5,4,4,4,5,3,4,4,5,3,5,3,4,5,3,4,4
22,2,6,1,5,4,5,4,5,5,4,5,4,4,4,4,4,4,4,5,4,1,1,1,2,5,1,1,3,4,4,5,4,4,4,5,5,4,4,4,4,5,5,5,4,5,4,5
24,1,6,1,5,4,5,4,4,3,4,3,3,2,4,3,4,3,4,3,4,3,2,3,3,4,2,4,4,2,3,3,4,3,3,3,4,3,4,3,4,3,3,3,3,4,2,4
22,2,1,1,1,1,5,1,1,1,2,1,2,5,5,1,5,5,5,4,5,5,5,5,5,5,3,5,5,4,5,4,2,5,4,4,4,5,4,4,5,4,5,5,4,4,4,4
29,2,7,1,3,5,4,2,2,5,1,2,4,3,3,4,4,4,4,5,4,1,1,4,5,5,5,2,2,5,2,4,2,5,4,4,4,5,5,5,5,5,5,5,4,1,5,2
32,2,1,1,4,5,5,5,5,5,5,5,5,5,5,5,5,5,5,5,5,5,4,5,5,5,5,1,5,5,5,5,5,5,5,5,5,1,5,5,5,5,5,5,4,5,5,5
28,1,6,1,2,4,4,3,3,4,4,2,4,2,2,4,4,4,3,3,3,2,4,4,4,5,5,4,2,5,5,4,4,3,2,4,4,2,4,4,4,4,4,4,2,2,3,4
22,2,2,1,2,4,4,5,4,5,2,2,2,4,2,2,5,1,4,3,2,2,4,4,4,4,4,5,5,5,5,2,4,4,NA,3,4,4,3,2,3,4,2,3,2,3,4,4
24,NA,1,2,1,1,2,1,2,3,4,1,3,1,1,1,3,2,1,2,1,3,2,3,2,3,3,5,1,2,1,1,1,1,1,1,1,4,2,1,3,3,1,1,1,1,1,3
26,2,3,2,2,5,5,5,5,5,4,4,4,3,3,4,4,4,4,4,5,3,3,2,5,5,5,3,2,5,4,5,5,5,5,5,5,5,5,5,5,5,5,5,5,2,5,5
22,2,6,1,5,3,4,5,3,4,3,4,5,4,5,2,4,4,5,5,4,5,2,1,2,3,2,2,5,3,5,5,4,5,3,3,4,3,4,4,5,3,5,2,4,2,3,5
25,1,6,1,3,5,4,5,2,4,5,3,4,5,3,4,4,5,4,3,4,4,1,5,3,4,4,2,2,4,2,4,3,5,4,5,3,5,5,3,5,3,3,5,4,2,4,5
31,1,6,1,3,4,4,5,5,5,5,4,4,3,5,5,5,5,5,5,5,5,3,4,4,5,2,4,5,5,5,4,4,3,4,2,4,4,4,4,5,5,5,5,5,4,4,4
23,2,2,1,4,4,3,5,5,3,5,5,5,4,3,3,5,5,3,4,3,3,1,3,5,5,5,2,2,5,5,4,4,5,5,5,5,5,5,5,5,5,3,4,3,3,4,4
23,1,6,1,5,5,4,5,3,5,4,5,4,5,3,4,3,4,5,3,5,3,2,1,2,4,2,1,3,2,2,4,5,3,5,4,5,3,4,5,2,4,5,4,5,4,4,5
23,1,6,1,3,1,4,4,1,4,3,1,5,3,3,2,1,4,5,4,3,5,2,4,3,2,2,1,5,3,1,1,3,5,3,3,5,3,5,5,4,2,1,2,2,4,5,5
25,2,6,1,5,5,4,4,5,3,4,5,5,5,4,5,3,4,5,4,5,2,1,1,2,4,3,2,5,4,5,4,3,5,4,4,5,5,5,4,5,4,4,5,5,4,4,5
20,2,3,1,5,4,4,4,4,5,5,5,5,5,4,4,4,4,4,5,4,2,1,2,2,5,2,2,4,5,4,5,4,5,5,5,4,5,5,5,5,4,4,4,5,5,5,4
22,2,6,1,3,5,4,4,4,4,4,4,4,5,4,5,4,5,5,4,5,4,2,4,2,4,1,2,5,5,5,2,2,2,3,4,2,2,4,4,4,4,4,4,4,4,4,4
23,1,6,1,5,5,4,4,5,3,4,5,3,5,3,4,5,4,5,3,5,2,1,3,2,5,1,2,5,3,5,4,3,5,4,5,4,5,5,4,5,5,4,4,1,2,3,5
60,1,2,1,5,5,4,5,5,5,5,5,5,5,3,3,4,4,4,3,4,4,3,2,2,3,3,5,5,5,5,4,4,4,4,4,4,3,3,3,4,3,4,4,4,3,4,3
25,1,1,1,4,5,3,3,2,4,5,5,5,4,3,4,3,5,5,4,5,4,2,5,2,1,2,3,4,4,4,4,3,2,5,3,4,5,5,3,5,2,3,4,3,4,5,5
21,2,2,1,4,4,4,4,4,5,5,5,5,4,2,4,4,5,4,5,4,1,4,5,5,5,1,5,2,5,5,5,4,5,4,4,4,5,5,5,5,5,5,5,4,4,5,4
22,1,1,2,2,5,5,3,1,3,5,1,5,1,1,1,3,5,2,4,5,2,2,2,2,5,5,3,2,5,4,5,5,4,3,3,2,5,5,5,5,5,2,1,4,4,5,3
21,2,6,1,3,5,4,4,5,4,5,4,5,5,4,5,2,5,4,3,4,3,2,2,2,5,3,2,1,2,5,4,5,4,5,3,5,3,4,5,4,5,1,4,5,4,5,5
40,1,2,1,4,4,5,5,1,5,4,4,4,5,5,1,1,4,1,4,5,2,3,2,3,5,3,5,5,2,1,4,4,4,5,5,5,5,5,4,5,5,2,5,4,1,3,4
21,2,1,1,5,2,3,1,1,2,2,1,3,4,4,1,2,3,2,2,1,3,3,2,4,3,4,5,1,1,2,4,3,4,2,4,2,2,3,5,4,3,2,1,2,2,2,3
26,1,1,1,5,5,4,1,1,4,2,4,4,2,1,1,4,5,4,4,5,2,4,2,5,3,4,1,1,4,5,2,4,4,2,4,3,4,3,4,4,3,2,4,2,1,4,4
58,2,1,1,6,4,4,4,4,3,2,2,3,5,1,3,2,3,3,3,3,3,4,2,3,3,3,5,5,5,5,4,3,5,5,5,4,3,5,5,5,5,3,3,3,3,4,4
25,1,7,1,4,2,3,4,3,4,3,3,3,3,4,4,3,3,4,3,3,2,3,1,3,3,3,4,3,2,4,4,5,4,3,2,4,4,2,4,2,4,4,2,3,5,3,2
22,1,6,1,6,4,5,5,5,5,5,5,5,5,5,4,5,5,5,5,5,5,5,5,5,5,5,5,5,5,5,4,4,4,4,4,4,4,4,4,4,4,3,3,4,2,4,4
40,NA,7,1,3,5,5,4,4,4,5,2,5,4,2,3,4,4,3,2,4,4,2,2,2,5,4,5,2,5,5,4,4,4,5,5,4,4,4,4,5,4,4,4,3,2,2,4
NA,1,1,2,2,5,4,4,3,5,4,4,5,3,4,4,4,3,2,2,2,3,3,4,3,4,4,4,2,3,4,3,4,4,4,3,4,4,5,4,5,5,3,4,5,3,3,5
22,2,6,1,3,5,5,4,4,4,4,4,4,5,4,5,5,5,5,5,5,1,1,4,3,5,2,2,5,5,5,2,4,3,4,4,4,2,4,4,4,4,4,4,4,4,4,4
21,2,6,1,4,4,4,3,5,3,4,5,4,5,3,4,5,3,4,5,4,1,3,2,2,4,3,2,5,5,5,3,4,4,4,3,4,5,5,4,5,4,3,4,4,5,4,4
21,1,3,1,5,5,5,5,4,4,4,3,5,4,4,2,3,5,3,2,3,4,2,3,3,4,2,2,5,3,3,3,4,3,4,3,3,5,5,4,4,5,4,4,4,5,4,5
18,1,1,1,6,5,5,5,5,3,4,2,3,4,1,4,5,5,5,4,5,5,4,5,4,5,3,4,1,3,5,4,4,5,4,2,4,4,5,5,4,5,3,2,2,2,4,5
21,1,3,1,3,4,4,5,4,5,2,4,4,5,3,5,4,4,4,4,5,2,1,2,2,4,1,3,2,3,1,4,5,4,5,4,5,4,5,5,5,4,5,5,4,5,5,4
25,2,6,1,4,5,4,5,4,5,4,4,4,5,4,5,4,4,4,4,4,1,2,1,2,5,2,1,4,4,5,5,4,3,4,5,5,5,4,5,4,4,4,5,4,5,4,4
22,2,6,1,5,4,4,5,5,5,5,4,5,5,5,4,5,5,5,4,5,2,1,2,1,5,2,1,4,5,3,5,4,4,5,4,5,4,5,4,5,4,4,5,4,5,5,4
28,1,7,1,2,4,4,1,1,4,4,2,4,4,4,2,4,4,5,5,4,4,2,4,4,5,3,4,1,2,5,4,5,4,4,4,4,2,4,5,4,4,5,5,4,2,5,5
36,1,6,2,3,5,4,5,4,5,4,4,5,4,4,5,4,5,5,4,5,1,2,4,3,5,1,4,5,3,5,4,5,5,5,5,5,4,5,4,5,5,5,4,3,4,5,5
31,1,6,2,4,5,5,4,4,5,5,5,5,5,1,3,5,5,5,5,5,5,2,5,5,5,5,5,2,5,5,4,4,5,5,5,3,2,5,5,5,5,3,5,4,2,4,4
25,1,6,1,3,5,4,5,5,5,5,4,5,5,5,4,4,5,5,5,4,1,2,1,2,4,1,1,4,5,5,5,4,5,4,5,4,5,5,4,5,4,4,5,5,4,5,4
25,2,6,1,4,5,5,5,4,5,5,5,5,5,5,4,4,5,4,4,5,4,2,4,2,5,1,2,5,5,5,4,5,4,5,5,5,4,4,5,5,5,4,5,4,5,4,5
21,1,3,1,4,4,4,5,4,5,3,5,3,5,4,4,4,4,4,3,4,2,2,2,2,4,2,2,4,5,4,4,5,5,5,4,4,4,5,5,4,4,5,5,5,4,5,3
20,2,3,1,4,5,5,4,5,5,4,4,4,5,4,5,4,5,4,5,4,1,1,2,2,4,2,2,4,4,4,4,4,4,4,5,4,5,4,5,5,5,5,5,5,5,4,5
34,2,1,1,4,4,4,5,4,5,5,4,5,4,5,4,5,4,4,5,4,1,2,1,2,5,2,2,1,1,1,5,5,5,4,5,5,5,4,5,5,5,4,5,5,4,4,5
20,1,1,1,5,4,2,5,5,4,2,5,3,1,1,1,1,4,2,1,4,1,4,2,3,3,2,1,3,4,5,2,4,4,2,4,3,4,3,3,4,3,4,1,2,1,2,3
26,1,1,1,2,4,3,2,2,3,3,4,4,2,4,2,2,4,1,4,4,2,3,4,2,5,3,4,2,3,5,4,2,4,5,5,2,3,3,4,4,4,3,5,4,4,4,4
63,2,7,2,3,4,5,5,5,2,4,4,4,2,1,2,4,4,4,5,3,3,4,4,4,5,2,5,5,5,5,2,4,4,4,4,4,4,4,4,4,5,4,2,4,4,4,4
19,2,1,1,1,2,4,3,3,4,5,3,4,1,1,3,1,2,1,2,3,2,2,5,2,4,2,2,2,2,1,1,3,3,3,4,3,3,3,2,3,3,4,4,3,3,3,3
28,2,1,1,3,4,2,1,5,3,3,5,3,4,3,2,1,5,4,3,4,4,2,2,2,3,5,3,1,4,1,1,1,1,4,4,3,4,4,4,4,4,3,4,3,4,3,5
31,2,6,1,1,4,5,4,5,4,4,5,4,5,4,5,4,5,4,4,5,2,2,1,2,5,2,1,4,5,4,4,4,5,4,5,4,5,4,5,4,5,4,5,4,5,4,4
25,2,6,1,3,5,5,5,4,4,5,3,4,5,4,5,4,5,4,4,5,2,2,2,2,5,1,2,4,5,5,5,5,5,4,3,4,5,4,5,4,4,5,5,5,4,5,4
18,1,3,2,2,4,5,4,4,4,3,5,3,5,5,3,2,5,4,4,5,5,3,3,2,5,4,4,5,5,5,3,3,4,3,4,3,4,4,3,4,4,2,4,4,2,3,2
25,2,4,1,4,5,5,3,5,5,5,2,5,5,4,5,2,5,5,3,5,2,1,4,2,3,2,2,2,5,5,5,5,4,5,5,4,5,5,5,5,5,5,4,5,5,3,4
65,2,1,1,4,5,4,5,4,2,4,5,5,5,4,5,1,4,4,5,4,3,3,4,5,5,4,4,1,2,5,3,3,3,4,5,4,3,4,4,5,4,3,5,4,2,4,4
22,2,7,1,2,4,4,2,2,2,2,2,4,4,2,4,2,4,2,2,3,4,4,4,3,3,3,3,5,5,5,3,3,3,3,4,4,4,3,3,3,4,2,3,3,3,3,3
22,2,6,1,5,5,4,5,4,3,3,3,4,5,5,4,2,5,5,1,3,1,3,2,2,4,1,3,5,4,5,5,4,5,4,4,2,3,5,4,5,4,5,4,3,2,5,4
22,2,6,1,4,4,4,5,5,4,5,4,4,4,5,4,5,4,5,5,4,1,2,1,2,5,2,2,4,5,4,5,4,5,4,5,3,5,3,5,4,3,5,3,4,5,4,5
22,1,1,1,4,4,5,2,2,1,4,1,4,5,4,2,4,5,5,4,4,5,5,4,5,5,5,5,4,4,5,5,4,4,5,4,4,4,4,4,4,4,4,4,3,2,4,2
28,2,6,2,3,4,4,4,4,5,4,4,4,4,4,4,5,5,3,3,4,3,2,4,4,4,4,2,5,4,5,4,4,4,4,2,4,3,4,2,4,4,4,4,2,4,4,2
21,1,3,1,4,5,4,5,5,5,5,5,4,4,5,4,4,4,5,5,5,1,2,1,1,NA,2,2,5,4,4,4,5,4,5,4,4,4,4,4,5,5,4,5,5,4,5,4
26,2,2,1,2,4,4,4,1,4,4,1,4,4,1,2,2,4,2,2,4,5,5,2,4,2,4,5,1,4,5,1,1,4,1,2,2,4,4,2,3,3,2,1,1,1,1,2
43,2,6,1,5,5,4,4,4,4,2,4,4,1,1,1,1,4,1,2,1,1,2,2,3,4,2,2,1,4,5,4,4,4,4,4,4,5,5,4,4,4,5,4,5,5,5,5
20,1,3,1,5,4,3,2,4,4,3,3,2,5,3,4,5,4,4,4,4,2,2,5,2,4,2,2,5,4,4,4,5,4,5,4,4,4,5,4,4,5,4,5,4,5,4,5
30,2,4,1,4,5,4,4,4,4,4,4,5,4,4,5,5,5,4,4,4,2,2,2,4,4,2,1,5,4,4,4,4,4,4,4,4,4,1,4,4,4,4,4,4,4,4,4
23,1,6,1,3,5,4,5,3,4,5,4,5,5,5,5,5,5,4,4,5,2,1,2,3,4,1,2,5,5,5,5,4,4,5,5,4,5,5,5,5,4,5,2,4,1,3,4
35,2,4,1,4,5,5,5,5,5,5,5,5,5,5,5,5,5,5,5,5,1,1,1,2,5,2,NA,4,NA,4,4,5,5,5,5,5,5,5,5,5,5,5,5,5,5,5,5
20,1,3,1,4,4,5,4,5,4,4,4,5,4,5,5,4,4,4,5,3,1,1,2,2,5,2,3,2,1,1,4,5,4,5,4,5,4,5,4,5,4,5,4,5,5,5,4
21,1,3,1,4,4,4,5,4,4,5,4,4,5,4,4,5,4,5,4,4,2,2,1,2,4,1,2,4,5,4,4,4,4,4,5,4,5,5,4,5,5,4,4,5,5,4,4
22,1,1,1,3,4,4,5,5,4,4,5,5,5,4,3,5,5,4,5,5,5,4,2,5,4,5,5,2,4,5,5,4,4,4,5,4,5,4,5,5,5,4,5,2,5,3,3
21,2,1,1,4,4,2,1,4,4,5,4,4,2,2,4,2,5,4,4,2,5,5,5,5,5,1,5,2,4,5,4,4,5,4,5,5,4,4,4,4,4,2,2,2,4,4,2
25,2,6,1,4,5,4,4,5,4,5,4,5,4,5,5,5,5,5,4,5,2,1,2,1,4,1,2,5,4,4,5,4,4,4,4,5,4,5,5,5,4,4,4,4,5,4,4
32,1,1,1,6,4,4,1,1,3,4,5,5,5,5,1,1,5,4,2,1,5,5,5,5,3,5,5,5,4,5,4,4,4,5,5,5,4,4,5,5,5,4,1,2,3,4,5
25,2,6,1,4,4,4,5,4,5,4,5,4,5,4,5,4,5,4,5,4,1,2,1,2,4,1,2,5,4,5,4,4,5,5,4,5,5,4,4,5,5,4,4,5,4,5,4
21,2,3,1,4,4,4,4,5,5,5,4,4,4,4,4,4,3,4,4,4,3,2,2,1,4,1,1,4,5,4,5,5,5,5,4,5,5,4,5,5,5,NA,4,4,5,5,4
22,2,6,1,4,5,4,4,4,5,4,4,4,5,4,5,4,4,5,4,4,2,1,1,2,5,1,1,4,3,3,5,4,4,4,5,5,4,4,3,3,3,3,4,3,3,5,4
38,1,3,1,5,4,5,4,5,4,4,5,4,5,5,4,5,4,5,4,5,3,1,2,2,5,2,1,4,5,4,4,5,5,4,5,4,5,4,5,4,5,4,5,4,5,4,5
41,2,1,1,6,2,4,5,5,1,1,2,1,5,1,3,5,5,3,4,3,5,5,2,5,4,5,5,5,5,5,5,4,5,5,4,4,4,5,5,5,5,4,5,3,5,5,5
24,3,1,1,1,1,2,2,1,2,1,2,1,1,1,1,1,2,2,2,1,4,5,5,5,5,4,5,5,5,5,1,1,1,1,1,1,4,1,1,1,1,1,1,1,1,1,1
35,2,7,1,4,2,1,2,2,1,1,4,1,1,1,1,3,5,4,5,2,5,5,5,5,5,2,1,5,5,5,4,4,5,4,5,4,2,4,4,5,5,4,4,3,2,4,4
30,2,1,1,1,4,5,4,4,5,5,5,4,5,4,5,4,4,4,5,5,1,2,2,2,5,2,2,3,5,4,4,5,3,5,5,4,5,4,5,4,5,4,5,5,5,4,5
40,1,1,1,2,4,3,4,5,3,4,5,4,5,4,5,4,5,4,5,4,1,1,2,2,5,2,1,4,5,4,4,5,4,5,4,5,3,4,5,4,5,4,5,4,5,5,4
23,2,1,1,4,4,2,2,3,3,3,5,2,3,2,2,2,4,2,3,3,4,4,1,3,3,4,2,3,5,2,4,3,2,3,4,3,4,3,3,2,2,4,2,2,4,3,2
26,2,1,1,5,5,3,3,4,3,4,2,5,4,3,4,2,5,4,5,5,3,3,4,5,4,5,2,5,4,5,4,4,5,4,5,4,2,4,5,4,5,3,4,4,3,3,4
31,1,6,1,2,4,4,2,5,4,4,5,5,4,4,5,5,4,2,5,5,4,2,1,4,5,1,4,1,4,5,4,2,4,5,4,4,5,4,5,2,5,5,5,2,4,5,5
22,1,1,2,1,2,3,5,4,5,2,4,5,3,2,5,2,5,5,5,5,3,1,3,2,4,3,4,2,4,1,2,2,5,5,5,5,5,5,5,5,5,5,5,5,2,3,2
30,1,1,1,4,4,4,4,5,3,4,5,3,5,1,1,5,5,4,4,3,5,4,4,4,4,5,5,1,5,5,4,4,5,4,4,4,4,4,4,5,5,4,4,3,3,4,3
21,1,1,1,1,4,2,4,4,3,5,4,5,5,4,2,4,4,5,5,4,4,4,4,4,4,2,2,4,5,4,4,4,4,4,4,4,4,4,5,5,4,3,4,4,3,4,4
35,2,1,1,1,4,5,4,5,3,4,5,4,5,4,4,5,4,4,4,4,2,1,2,2,4,2,1,4,4,5,4,4,5,4,5,4,4,5,4,5,4,5,4,5,4,5,4
35,2,1,1,2,5,4,5,4,4,4,5,4,4,4,4,5,4,4,5,4,2,2,1,2,4,2,1,3,4,4,4,4,4,4,4,4,4,4,5,4,4,5,4,5,4,3,5
21,1,1,1,1,4,5,5,5,4,3,4,3,4,1,1,1,4,4,4,4,5,5,5,5,4,5,2,5,5,5,2,2,5,3,5,4,4,5,4,4,4,2,3,3,3,2,2
20,1,3,1,4,4,5,4,4,5,4,2,4,5,4,4,5,4,4,5,5,2,2,1,1,4,4,3,2,2,1,4,5,4,5,4,4,5,4,4,5,4,5,4,5,5,4,5
34,2,6,1,1,4,3,2,3,4,4,3,3,4,3,4,5,3,3,4,4,3,3,5,2,4,3,3,2,5,3,3,4,3,2,2,3,3,4,4,4,3,3,4,4,3,3,2
32,2,1,1,2,5,4,5,4,5,4,5,4,5,4,5,4,5,4,5,4,1,2,1,2,5,2,2,5,4,5,4,5,4,4,5,4,5,4,5,5,4,5,4,5,4,5,4
31,2,2,1,6,5,4,4,3,2,4,3,4,4,5,3,4,5,4,4,4,3,2,5,2,5,1,5,5,5,5,4,3,4,5,4,4,1,5,5,4,4,5,4,1,3,5,4
30,2,5,1,1,4,4,3,4,3,4,4,3,4,4,3,4,4,4,3,4,2,2,3,2,3,2,3,4,4,1,4,4,4,3,4,4,4,3,2,4,2,4,4,4,4,3,4
27,2,1,1,2,5,5,5,5,NA,5,4,NA,NA,4,5,4,NA,5,NA,4,NA,2,2,1,5,1,2,4,5,5,4,3,4,5,5,5,3,5,4,3,3,1,4,2,2,4,2
36,2,6,1,3,4,4,4,2,4,4,2,5,4,4,5,5,5,5,4,4,5,2,3,2,5,5,5,4,4,5,3,4,4,3,3,2,4,4,4,4,4,3,4,4,4,4,4
35,2,1,1,2,5,4,5,4,5,4,4,5,4,4,4,4,5,4,4,5,2,2,2,2,4,2,2,5,5,4,4,5,4,5,4,5,5,4,4,5,4,4,5,5,4,4,4
38,1,5,1,1,4,2,2,4,4,3,2,4,4,5,2,4,4,2,5,4,2,2,4,4,4,3,4,4,4,1,4,2,4,3,4,5,3,4,2,2,4,3,4,2,4,5,3
30,2,1,1,3,5,1,5,5,4,5,5,5,5,5,5,5,5,5,5,5,1,2,5,4,5,1,5,5,5,5,5,4,4,4,4,4,2,5,5,5,4,4,5,2,4,4,4
23,1,1,1,4,4,4,4,5,4,4,4,4,5,4,4,5,5,4,4,5,4,4,4,4,4,4,4,2,5,5,4,4,5,4,5,4,4,4,5,5,5,3,4,4,4,5,4
30,1,5,1,1,4,5,4,3,4,4,5,3,4,3,3,3,4,3,4,5,3,1,2,2,3,2,1,3,4,4,4,5,4,NA,NA,5,3,4,4,5,4,3,4,4,5,4,3
34,2,6,1,1,3,3,3,2,5,3,3,2,3,3,3,2,4,3,4,3,4,3,2,2,3,4,2,2,3,3,2,3,2,4,3,4,3,3,3,4,2,2,4,5,4,3,3
30,2,5,1,1,4,3,5,3,4,4,3,1,4,4,3,5,4,4,3,4,2,4,2,2,3,3,2,4,3,2,4,3,4,4,3,2,2,4,4,4,3,4,2,4,3,4,4
33,1,6,1,1,3,3,3,2,4,3,2,4,4,3,4,2,4,4,3,2,3,2,4,3,4,3,2,2,3,4,3,4,2,3,4,4,3,4,3,4,3,4,2,5,3,3,2
28,2,1,1,5,4,4,4,4,4,3,3,4,4,4,4,5,4,NA,4,4,2,2,4,2,4,2,4,3,3,2,3,3,3,3,2,2,3,4,4,4,4,4,4,4,2,4,4
26,2,6,2,2,5,4,5,4,5,4,5,4,5,5,4,5,4,4,5,4,1,2,1,2,5,2,2,5,4,4,5,4,5,4,5,4,5,4,5,5,4,5,4,4,5,4,5
27,2,1,1,3,3,3,4,3,3,4,3,3,3,3,3,3,3,4,3,3,3,3,3,3,4,3,3,2,3,2,3,4,3,3,3,3,3,3,3,3,3,4,3,3,2,3,3
35,2,2,1,6,5,4,4,3,1,4,2,4,4,4,3,4,5,4,5,5,2,1,5,2,5,3,2,5,2,4,4,3,5,4,3,5,3,5,4,4,5,2,4,2,3,5,4
30,2,5,1,1,2,4,3,2,4,3,2,4,3,3,4,4,2,4,2,2,2,2,3,3,4,4,2,3,4,1,4,3,2,4,3,4,2,5,2,3,4,3,4,4,4,2,3
44,2,6,2,6,3,4,4,4,4,5,4,5,2,2,5,4,5,5,4,4,4,2,4,4,5,5,5,2,5,5,4,4,4,4,4,4,3,5,4,4,4,4,5,4,3,4,4
23,2,1,1,4,4,2,3,2,4,4,3,4,5,5,4,3,5,3,3,5,3,3,4,3,4,2,2,5,3,4,4,4,3,4,3,4,3,4,4,5,4,3,4,4,3,3,4
29,2,6,2,1,5,5,4,5,5,5,5,5,5,5,5,5,5,5,4,5,5,1,2,4,5,2,5,5,1,5,5,2,4,5,4,5,1,5,4,5,5,4,5,5,2,4,5
26,2,1,1,4,5,5,1,1,5,5,3,5,5,4,5,5,5,5,4,5,5,1,2,1,5,5,2,5,5,5,5,3,2,5,4,3,5,5,5,5,5,4,1,3,1,3,5
54,2,1,1,4,4,3,4,2,4,5,4,5,4,5,3,4,3,4,5,3,2,2,4,3,4,2,4,5,3,5,3,4,5,4,3,4,4,5,3,4,4,5,3,3,5,4,4
24,2,6,1,1,1,5,2,2,4,2,4,4,1,1,4,4,4,1,3,2,4,2,3,5,5,5,5,5,5,5,4,4,3,5,5,4,4,4,4,5,5,4,4,4,4,4,4
22,1,6,2,3,4,5,4,4,3,5,4,5,5,4,4,5,4,5,4,4,1,2,4,2,5,3,1,5,4,5,5,4,4,4,5,5,4,5,4,5,4,5,4,4,5,4,5
28,1,6,2,5,3,5,5,4,4,1,3,4,4,5,5,1,3,5,5,5,1,3,2,3,4,1,1,5,4,5,4,5,4,4,5,5,5,5,5,5,5,5,5,5,5,5,5
31,NA,7,1,1,5,4,4,4,4,4,4,4,4,4,4,5,5,4,3,4,2,2,3,2,5,1,2,4,4,4,5,5,5,5,5,5,5,5,5,5,5,5,5,5,5,5,5
32,2,6,1,4,4,4,4,4,4,4,4,4,4,4,4,4,4,4,4,4,2,3,1,2,4,2,2,5,4,4,5,4,4,5,4,4,5,5,5,4,4,4,5,5,4,4,4
46,1,1,1,3,4,5,4,3,3,5,5,3,5,3,4,2,4,5,4,5,2,3,1,2,3,2,4,4,3,5,4,4,3,4,5,4,2,4,2,4,5,4,5,3,2,2,3
53,2,1,1,2,4,4,4,5,3,4,5,3,4,4,3,4,5,3,4,3,3,2,2,2,4,1,2,4,3,5,4,4,3,5,4,3,5,4,4,3,3,5,4,4,3,4,3
18,1,1,1,2,4,2,3,3,3,2,3,4,3,3,4,3,4,4,4,4,5,5,2,5,4,3,3,2,4,3,2,3,4,2,2,3,4,4,4,4,4,2,2,2,2,3,3
27,2,6,2,2,5,5,4,5,4,4,5,2,4,5,4,5,4,4,4,4,4,1,1,2,2,1,2,5,5,5,5,4,5,4,5,4,5,5,5,4,5,5,4,5,5,5,5
28,2,6,1,3,4,4,NA,4,4,4,4,5,4,5,4,4,4,4,NA,4,2,2,1,3,4,2,2,4,4,5,4,4,4,5,4,4,4,4,5,4,5,4,5,4,5,5,4
24,2,1,1,4,5,5,5,5,5,5,5,5,5,5,5,5,5,5,5,5,5,1,5,5,5,5,5,2,5,5,5,5,3,5,5,4,1,5,5,5,5,5,5,5,5,5,5
36,2,1,1,4,4,3,2,1,4,3,4,5,2,1,4,4,5,3,4,4,3,3,3,2,4,3,2,5,4,5,4,3,4,4,4,4,2,5,4,5,4,3,4,4,4,4,4
41,2,7,1,5,3,4,4,3,5,2,4,3,4,1,5,5,5,4,4,5,5,5,2,5,4,5,4,1,4,5,1,1,4,5,4,1,5,3,3,4,3,1,3,3,2,3,3
23,1,7,1,6,5,3,4,2,5,5,4,5,4,4,5,5,5,4,4,5,2,1,2,1,4,5,1,4,5,5,1,1,5,4,4,2,5,4,2,5,3,4,2,1,1,1,1
44,1,1,1,4,4,4,4,4,4,4,3,4,4,3,4,3,4,4,2,3,4,2,2,2,3,3,2,2,2,2,4,3,3,2,4,2,4,4,4,4,4,4,4,4,2,2,4
30,1,1,1,5,4,3,4,3,4,4,3,5,4,4,4,3,4,3,5,3,3,2,1,3,4,2,3,3,4,3,3,4,3,4,3,4,4,5,3,4,5,4,3,4,4,3,4
28,2,6,2,5,4,5,5,4,4,5,5,4,5,4,5,2,5,5,5,4,1,2,1,2,3,2,1,4,5,5,4,3,3,4,4,5,5,4,5,4,5,4,5,4,2,3,5
29,1,5,2,2,5,1,1,2,3,4,3,4,5,5,4,2,5,4,3,4,1,2,2,2,4,2,1,2,2,2,5,5,4,5,4,5,4,5,4,5,3,5,3,4,2,4,5
34,1,1,1,3,5,5,3,1,4,5,1,1,5,4,1,1,5,3,4,5,5,5,5,5,4,3,5,5,5,5,4,3,4,5,3,4,5,5,4,5,5,2,5,4,5,3,4
29,2,6,1,2,5,4,2,2,5,5,2,4,4,5,1,5,5,5,5,5,5,1,4,5,5,5,2,5,5,5,4,5,4,4,5,5,5,5,5,5,5,4,5,5,5,5,5
34,2,1,1,2,4,4,3,4,4,3,3,4,4,4,4,4,4,5,4,4,2,1,2,2,4,2,1,4,4,4,4,4,3,4,4,4,4,4,3,4,4,4,3,4,4,4,4
21,1,3,1,1,4,4,2,4,3,2,2,5,1,3,1,1,4,5,5,3,4,3,3,4,5,4,3,2,5,5,3,3,5,2,5,4,4,4,4,5,4,2,4,4,1,3,3
20,1,1,1,3,2,3,5,5,3,1,4,5,5,3,5,1,5,5,5,5,5,2,5,3,5,5,3,5,5,5,3,3,4,4,4,3,4,5,5,5,5,4,5,3,2,3,4
20,1,7,1,4,5,5,5,5,5,2,4,4,5,4,5,3,5,4,2,5,2,3,2,4,5,3,1,2,5,5,2,2,5,2,4,4,4,4,4,5,4,2,1,1,5,4,3
19,2,7,1,6,5,3,3,4,3,2,1,4,5,4,3,1,4,4,4,4,4,4,3,4,4,5,5,3,4,5,3,3,4,3,3,2,3,4,3,4,3,4,5,4,2,3,3
35,1,1,1,5,2,2,1,5,4,5,5,4,5,5,5,5,4,4,4,3,5,5,5,5,5,5,5,5,5,5,4,2,5,3,5,4,4,5,4,5,5,4,4,3,2,3,2
26,1,1,1,1,5,5,5,5,5,5,5,5,1,1,2,5,5,2,5,5,5,4,4,5,5,5,4,4,5,5,2,5,5,4,5,4,5,5,5,5,5,2,2,4,5,5,4
19,1,1,1,4,5,4,4,4,4,3,3,5,3,3,2,3,3,1,2,2,3,5,5,5,5,5,5,5,5,5,4,2,3,4,4,4,4,4,3,4,4,2,2,2,2,2,2
55,2,2,1,3,2,3,3,4,2,3,4,3,3,3,4,4,NA,1,2,1,2,2,1,2,2,NA,3,2,3,1,1,4,5,2,1,4,4,4,5,NA,1,2,5,5,NA,1,3
28,2,6,1,5,4,4,5,3,4,5,3,5,3,3,5,3,4,5,1,4,2,3,3,2,5,3,2,3,4,2,2,4,2,4,2,5,3,4,2,4,3,4,2,5,3,2,4
25,2,1,1,3,4,3,3,3,4,5,3,3,3,3,3,3,3,4,4,4,3,2,2,3,3,2,3,3,2,1,4,3,4,4,3,5,4,4,4,3,4,3,4,4,3,4,2
28,2,1,1,4,3,4,3,2,4,3,3,4,4,3,4,3,4,4,3,4,4,3,4,3,2,3,2,2,2,4,3,4,4,3,4,4,3,4,4,4,4,4,3,4,3,4,3
56,2,2,1,3,NA,4,3,5,5,4,4,4,4,5,5,5,4,5,5,4,1,2,1,2,5,2,1,5,4,4,4,4,4,3,5,4,4,5,5,4,5,4,5,NA,4,5,4
59,1,1,1,2,3,5,5,5,5,3,4,3,5,5,3,4,5,4,2,3,3,4,4,4,5,4,5,1,5,5,2,3,4,4,5,3,3,4,4,4,4,5,5,3,2,3,5
38,2,6,2,3,3,4,4,4,3,5,3,5,4,4,4,3,5,3,3,3,1,2,2,2,3,1,3,4,5,4,3,4,4,3,4,5,4,3,5,4,3,5,4,4,5,3,4
43,1,1,1,5,4,5,5,4,3,5,4,4,4,3,3,5,5,3,4,4,1,2,2,1,3,1,1,4,4,4,4,4,3,4,4,5,4,4,3,3,5,4,3,4,5,3,5
49,1,1,1,3,5,5,5,1,5,5,1,5,2,5,5,5,5,5,4,5,5,1,2,3,4,2,2,1,2,2,1,5,1,4,2,5,5,4,5,3,5,3,4,5,4,2,3
29,2,1,1,3,5,1,5,5,4,3,2,5,5,3,5,5,5,4,2,4,3,2,5,2,5,1,1,5,5,5,5,4,5,3,4,2,1,5,4,5,4,2,4,3,1,3,5
60,2,2,1,4,5,4,5,5,4,4,5,4,5,5,5,4,4,5,4,5,3,1,1,1,5,2,2,5,4,5,5,5,4,5,4,5,5,5,4,5,4,5,5,4,5,5,5
19,1,1,1,5,5,4,5,5,5,3,4,4,4,5,5,2,3,4,4,4,3,4,2,2,5,3,2,3,5,5,4,3,4,4,4,4,3,4,5,5,5,3,3,4,3,3,3
19,1,1,1,6,5,4,5,5,1,1,5,1,5,1,1,1,1,5,5,2,5,2,3,2,5,5,5,5,5,5,2,2,5,4,4,4,3,3,3,4,4,3,5,5,4,4,3
21,1,7,1,2,1,1,1,1,1,3,1,4,4,1,1,3,4,5,4,3,5,5,5,5,5,5,5,5,5,5,1,1,4,3,3,1,1,1,1,1,1,1,1,1,1,1,1
19,1,7,1,2,4,5,3,5,5,2,2,4,1,1,5,5,4,4,4,4,4,5,4,4,5,4,5,4,5,5,2,2,4,4,2,2,4,5,5,5,4,2,1,2,1,2,4
31,1,1,1,4,5,5,1,5,5,1,1,1,5,5,5,1,5,5,5,5,5,1,5,5,5,5,1,1,5,5,5,4,5,5,5,5,1,5,5,5,5,1,5,2,1,5,5
20,1,1,1,4,5,5,5,3,5,5,5,5,5,5,5,2,5,4,3,4,3,2,4,5,5,4,1,5,5,5,4,4,4,4,4,4,3,4,4,4,5,4,5,4,4,4,3
18,1,1,1,5,4,4,4,4,5,4,1,3,4,4,1,2,2,2,4,5,2,2,2,2,4,3,2,1,1,1,2,4,5,4,4,5,4,4,4,5,5,5,5,5,5,5,5
24,1,3,1,3,5,5,5,5,5,5,5,5,1,1,5,5,5,5,3,5,5,1,4,4,5,5,5,1,5,5,1,4,5,5,5,5,5,5,5,5,5,5,5,5,5,5,5
19,2,1,1,4,3,4,3,5,4,2,5,4,3,2,4,2,5,4,3,2,5,3,5,4,5,3,4,5,5,5,2,2,4,2,3,2,4,3,2,4,3,3,3,3,3,2,2
21,2,7,1,4,5,5,5,5,4,4,5,4,4,2,4,1,4,2,1,3,4,2,1,2,5,1,4,3,2,5,4,3,4,3,4,2,5,5,4,4,4,3,2,2,2,2,3
18,1,3,1,1,3,1,4,1,1,1,1,1,3,1,5,1,5,4,4,4,2,2,1,1,2,4,1,1,4,5,1,1,4,4,4,2,4,3,3,4,4,1,4,1,1,1,1
19,1,7,1,2,4,5,4,5,5,2,2,4,2,1,5,3,5,4,4,4,4,5,2,5,5,5,5,4,5,5,4,2,4,2,4,4,4,5,5,5,5,2,2,2,2,4,4
18,1,1,1,6,4,3,5,5,4,2,1,3,2,1,2,1,1,1,1,2,3,4,1,3,5,2,3,4,1,2,1,3,2,1,1,2,2,4,3,5,4,3,2,3,1,3,3
19,1,1,1,4,4,3,4,4,2,3,4,4,3,1,4,5,5,4,3,3,4,3,4,4,5,5,2,3,3,3,4,3,4,3,4,4,4,2,3,3,4,2,2,4,2,2,2
20,1,1,1,5,2,2,4,4,5,4,5,4,1,1,4,5,4,2,4,1,5,4,5,5,5,5,5,5,5,5,1,4,5,4,4,4,4,5,5,4,5,4,4,2,1,2,2
19,1,2,1,4,1,1,4,2,4,1,3,1,3,1,4,1,1,1,3,1,2,2,3,2,3,2,5,1,1,3,1,2,5,5,5,3,3,3,3,3,3,4,5,4,1,3,3
19,1,6,1,1,3,4,4,4,4,4,5,3,1,1,3,3,5,3,4,4,5,4,4,5,4,3,3,3,3,3,2,2,4,4,4,3,4,3,3,4,3,3,2,2,4,2,2
19,1,3,1,6,4,5,2,2,1,3,3,5,4,1,1,1,4,1,2,2,5,4,3,4,5,4,5,5,5,5,1,1,1,1,1,1,4,4,2,3,3,1,2,2,1,1,1
20,1,1,1,4,1,2,2,2,2,1,1,1,4,1,4,5,5,2,2,2,5,5,5,5,5,5,5,2,2,2,1,2,4,1,2,1,4,2,2,4,4,1,1,1,1,1,1
19,2,7,2,2,5,3,2,5,4,2,2,3,2,1,5,1,5,2,5,5,5,2,5,2,5,5,4,5,5,5,4,4,5,2,3,4,2,5,5,4,5,4,5,2,4,4,5
22,1,1,1,2,3,4,2,2,4,3,1,4,1,1,1,1,4,1,1,4,3,2,1,2,2,2,1,1,1,1,2,2,4,5,4,2,4,4,4,4,5,4,4,4,4,4,2
19,1,1,1,6,3,4,1,2,3,4,4,4,1,1,2,5,5,4,3,2,4,5,5,4,5,4,5,5,5,5,2,2,4,3,4,2,4,4,3,3,4,2,2,2,2,3,3
28,1,7,1,3,3,4,2,2,2,2,3,4,1,1,3,5,5,4,4,5,4,3,2,5,4,5,3,2,3,2,3,4,4,2,3,3,2,4,4,4,5,1,1,3,1,2,2
18,2,7,1,6,4,3,4,4,4,2,1,4,4,3,3,2,5,4,4,3,4,3,2,2,2,2,4,4,2,2,2,2,5,1,4,3,5,4,4,3,4,4,4,1,1,3,2
21,1,1,1,2,2,4,2,4,4,1,5,5,1,1,1,1,5,1,1,1,5,4,1,2,1,4,5,1,1,1,1,2,2,1,2,1,4,4,4,5,5,1,1,1,1,2,1
20,1,7,1,5,5,5,5,3,3,4,4,4,5,4,5,2,4,5,5,5,1,1,1,1,1,2,5,5,5,5,2,2,4,4,4,4,4,4,4,4,4,3,5,4,4,1,4
19,2,7,2,4,1,1,5,5,4,5,5,2,1,1,1,1,4,2,4,5,1,2,1,5,4,3,5,5,5,5,2,2,2,1,5,3,4,2,4,5,4,3,1,1,1,1,1
21,1,3,1,4,2,1,2,3,3,2,2,2,3,2,2,2,3,2,2,2,4,4,4,4,4,4,4,2,4,4,2,1,2,1,2,1,3,2,2,3,3,1,1,1,1,1,1
22,2,2,1,4,4,4,5,5,3,2,4,3,2,1,4,4,4,5,3,4,5,3,3,4,5,4,3,5,5,5,4,4,4,3,4,3,4,4,3,4,4,2,4,4,2,4,4
21,1,1,1,4,3,1,4,4,3,3,5,5,1,1,4,2,5,5,4,4,5,4,4,5,5,5,5,5,5,5,3,3,5,2,4,3,2,4,4,4,4,2,2,1,2,2,2
21,1,1,1,1,4,4,2,4,4,2,4,3,4,2,4,1,4,5,2,1,5,4,2,5,5,5,3,2,5,5,2,2,4,2,4,4,4,4,4,4,4,4,2,2,2,3,3
18,1,3,1,1,5,3,3,3,3,3,2,4,2,2,4,3,3,3,3,3,3,3,2,2,4,3,4,3,3,3,2,3,3,2,2,2,4,4,4,4,3,2,2,2,2,2,2
18,2,1,1,6,3,3,5,5,3,3,2,3,1,3,5,4,5,2,3,4,5,3,2,3,4,3,3,5,5,5,1,1,5,4,4,3,3,3,2,3,4,3,3,3,3,3,3
19,1,1,1,2,5,4,4,1,1,5,1,4,4,1,2,1,4,2,4,2,5,5,2,4,4,5,3,2,5,5,4,3,5,4,5,4,4,4,4,4,4,2,4,4,2,3,1
19,1,7,1,4,5,5,5,5,4,5,5,5,5,1,5,5,5,5,3,4,5,3,5,5,5,3,3,5,5,5,5,2,5,2,5,3,5,5,3,5,5,4,4,1,2,4,3
19,2,6,2,2,4,2,1,1,1,4,3,1,3,1,1,3,1,1,4,3,4,2,3,3,5,4,5,5,5,5,5,5,5,4,5,5,5,5,4,5,5,2,5,4,4,4,4
22,1,7,1,6,2,4,5,4,4,1,2,2,4,1,4,5,5,2,2,5,2,3,5,2,4,4,2,1,5,5,4,2,5,5,4,4,4,4,4,4,4,2,2,2,2,4,4
21,1,7,1,6,1,1,2,2,2,2,2,4,4,1,1,1,3,1,1,1,5,5,2,4,4,5,5,4,4,5,3,2,4,2,3,3,4,3,3,4,4,3,3,3,2,3,3
19,2,7,2,5,4,2,5,5,2,4,5,3,3,4,1,2,5,1,2,5,2,2,1,5,4,3,5,5,5,5,5,2,5,5,5,4,4,5,5,4,4,3,2,2,3,3,2
47,1,1,1,3,5,4,5,5,5,5,2,5,1,1,1,4,1,4,3,4,2,5,1,5,4,5,5,5,5,5,2,3,5,5,5,4,5,4,5,4,4,5,5,4,4,4,4
22,2,3,2,1,4,2,2,2,5,5,4,1,1,1,1,1,5,4,4,4,5,2,2,5,4,5,5,5,5,5,4,4,4,4,4,4,4,5,5,4,5,4,5,5,5,5,5
25,1,3,1,2,2,4,1,1,4,2,1,3,5,1,1,1,1,1,3,1,2,3,2,4,4,2,5,2,4,1,2,2,4,3,4,2,4,4,3,4,4,2,4,4,2,3,2
19,1,1,1,5,4,4,5,5,5,5,2,2,1,1,1,5,5,5,5,4,1,2,2,2,4,2,2,2,5,5,2,2,4,2,4,5,3,4,4,5,4,2,4,2,1,4,1
19,2,6,2,2,4,1,1,1,1,4,1,1,3,1,1,3,1,3,4,4,4,3,3,2,4,4,3,5,5,5,4,4,4,2,4,4,5,4,4,4,5,2,4,4,4,3,3
27,1,1,2,1,1,2,1,1,3,3,1,2,1,1,3,1,2,1,1,2,4,3,3,2,3,2,4,1,2,1,5,4,4,4,1,4,4,4,5,5,4,2,4,3,3,5,4
19,1,1,1,6,3,2,5,5,1,5,1,5,4,2,5,1,5,1,1,4,2,2,1,1,2,3,2,1,1,1,3,2,4,2,4,2,2,2,2,2,2,2,2,2,1,2,2
19,2,7,1,5,5,1,5,5,4,3,5,2,1,1,1,1,5,1,1,5,3,3,1,3,4,3,5,5,5,5,4,3,4,4,4,3,4,4,4,5,4,2,2,2,2,3,1
24,3,1,2,1,5,5,5,1,4,5,1,3,5,5,5,3,5,5,4,5,3,2,4,4,4,4,4,4,1,2,1,2,4,2,4,4,1,2,4,2,3,2,2,2,1,4,4
19,1,3,1,5,5,5,5,2,5,2,1,4,2,4,5,5,5,5,4,4,5,5,5,5,5,5,5,5,5,5,2,2,5,5,4,4,3,3,3,5,5,3,5,3,1,2,2
19,2,6,1,3,4,4,4,4,4,3,4,4,2,2,2,1,4,4,3,3,5,4,5,4,5,4,5,4,5,5,4,2,5,4,5,3,4,4,4,4,4,3,4,4,2,2,3
22,1,6,1,3,1,4,3,5,4,1,4,4,5,1,1,3,2,1,1,1,3,3,1,1,5,3,5,3,3,5,1,1,4,2,1,1,3,2,2,4,3,4,2,2,1,1,1
20,2,1,1,2,4,4,1,4,2,1,1,4,1,1,1,4,1,1,1,1,2,2,2,2,2,2,5,1,2,1,1,1,4,1,1,1,4,1,1,1,1,1,4,1,1,1,1
20,1,1,1,4,5,2,5,5,4,3,2,4,4,5,3,2,5,4,3,4,5,3,2,5,5,5,5,3,1,3,5,3,4,4,5,4,3,5,5,5,5,3,3,4,5,5,3
19,1,3,2,3,5,4,5,4,4,2,2,3,3,1,4,3,5,5,5,4,5,3,5,5,5,5,5,4,5,5,3,4,3,4,3,4,3,5,5,5,5,5,5,5,3,5,5
20,2,6,1,6,5,3,5,5,5,4,5,5,5,1,5,5,5,5,5,5,3,2,2,5,5,3,3,3,3,3,3,3,5,3,4,3,2,4,4,3,3,3,2,4,3,3,3
19,2,1,1,6,5,5,4,4,5,2,4,5,5,5,1,5,5,5,4,2,5,5,2,2,2,1,1,5,1,5,2,2,5,1,4,3,5,5,4,4,5,3,5,5,3,5,2
19,1,1,1,6,1,4,4,5,4,2,4,3,2,1,4,5,5,5,4,4,5,5,2,5,5,5,4,5,5,5,3,4,5,5,5,4,4,4,5,4,4,5,5,5,4,4,4
19,1,7,1,3,4,3,5,5,4,2,2,1,4,4,2,4,5,2,3,2,1,1,2,2,3,2,1,1,2,1,3,3,3,3,4,4,4,2,2,4,4,2,2,2,2,2,4
22,2,2,1,1,4,3,4,5,4,2,NA,4,4,4,2,2,5,5,4,3,3,2,2,4,4,3,2,2,2,3,3,3,4,3,4,4,3,3,3,4,3,4,3,4,2,3,4
19,1,6,2,4,3,2,2,2,2,2,4,4,4,1,4,5,5,5,5,5,5,2,2,3,5,1,5,2,5,5,2,2,4,1,4,2,5,4,3,5,5,3,2,2,2,2,2
21,1,1,1,6,5,4,2,4,4,4,4,3,2,1,1,1,5,5,4,3,5,4,2,5,5,5,5,1,5,5,4,3,4,2,4,4,4,5,4,4,4,2,3,3,2,4,2
24,1,2,1,5,1,5,2,1,5,1,1,1,4,1,3,5,5,1,3,3,2,5,5,2,2,2,5,1,3,5,4,5,2,5,2,5,3,2,3,4,4,5,5,5,5,4,5
19,1,1,1,6,5,5,3,3,5,4,1,5,1,1,1,5,1,1,1,1,5,1,5,1,1,5,1,3,1,1,1,3,5,1,3,3,5,5,3,4,4,1,1,1,1,1,5
18,1,2,1,6,5,5,5,5,5,2,4,5,1,3,5,1,5,3,2,2,5,4,2,2,4,5,5,4,5,5,1,1,5,4,5,2,4,4,4,5,5,2,1,2,2,1,1
19,2,1,1,5,4,2,2,4,4,4,2,5,2,2,4,5,5,5,4,5,4,2,2,2,2,5,1,3,5,5,4,2,5,2,4,5,5,5,5,5,5,2,5,5,2,4,5
19,2,1,1,6,5,3,3,4,4,4,2,4,5,5,3,4,5,4,3,4,5,3,2,4,3,4,2,1,2,3,3,3,4,3,4,4,2,3,4,4,3,3,5,4,3,2,2
25,1,3,1,1,1,5,2,2,2,1,1,1,2,2,2,4,1,1,4,4,1,3,4,1,5,5,5,5,1,5,1,1,2,4,2,3,4,4,4,4,4,2,1,2,2,2,2
18,2,6,1,5,1,1,1,5,1,3,2,3,4,1,1,1,3,3,1,1,5,4,4,5,4,3,2,5,5,5,1,1,3,1,1,1,4,1,1,1,1,1,1,1,1,1,3
19,1,1,1,3,2,2,5,5,4,1,2,2,4,1,4,1,4,1,1,5,1,1,1,1,2,2,2,2,2,2,1,1,1,1,1,1,4,4,4,2,5,1,2,1,1,2,5
31,2,1,1,3,5,5,1,1,5,5,5,5,5,5,2,1,2,2,1,4,1,2,1,1,1,1,1,1,1,5,2,4,5,2,5,4,2,5,5,5,3,2,2,2,5,5,3
19,1,3,2,1,2,3,3,3,3,3,3,3,3,3,3,3,3,3,3,3,5,3,5,5,5,5,2,5,5,5,3,3,3,1,3,3,3,3,3,3,3,3,3,3,3,3,3
22,1,1,1,1,5,5,4,5,4,4,5,5,4,1,4,5,5,5,5,5,2,1,1,1,2,4,1,4,5,5,1,1,2,1,1,1,2,1,1,1,1,1,1,1,1,1,1
21,1,3,1,2,4,4,4,2,4,4,2,4,5,2,4,2,4,2,2,4,5,5,2,5,4,3,5,2,4,5,4,4,4,4,4,2,2,4,4,4,4,1,4,2,2,2,2
18,1,3,1,6,5,4,5,5,5,4,1,4,2,1,1,4,5,4,3,2,5,5,5,5,5,5,5,5,5,5,5,4,5,4,5,5,2,5,5,5,5,2,3,3,2,5,4
21,2,3,1,3,1,1,5,5,1,4,3,3,4,2,4,3,4,4,4,3,4,3,3,4,4,3,3,5,3,5,1,1,4,1,2,1,2,2,1,3,2,1,1,1,1,1,1
18,1,2,1,6,5,4,5,5,5,4,4,5,1,1,5,1,5,3,1,2,5,5,1,4,5,5,4,5,5,5,2,3,5,4,5,3,3,4,4,4,3,2,2,2,2,2,2
21,1,2,1,1,2,2,2,2,4,4,4,4,5,4,1,4,2,2,4,5,4,3,5,5,5,2,5,2,2,2,1,1,3,1,1,1,4,2,2,2,4,1,5,1,1,1,1
25,1,3,2,5,5,4,5,4,4,5,4,5,5,1,4,5,1,5,2,1,5,4,2,3,5,4,5,2,5,5,1,2,5,2,5,2,4,4,4,4,4,2,4,3,2,2,1
24,1,3,2,5,5,5,4,5,5,4,4,2,5,5,5,2,5,5,2,2,5,4,2,5,5,5,4,4,5,5,5,3,3,2,4,4,3,5,4,5,5,2,5,2,1,2,4
20,1,1,1,6,5,4,4,4,4,4,5,5,5,5,2,2,1,3,4,4,3,5,2,4,5,5,5,4,5,5,1,1,5,2,4,2,4,4,4,4,4,2,2,2,2,2,2
19,2,3,2,3,4,4,4,4,4,3,2,4,4,2,2,3,4,4,4,4,2,3,4,4,4,2,4,3,4,2,4,3,3,3,4,3,2,4,4,4,4,4,4,4,2,2,4
21,1,6,2,4,4,4,4,3,3,2,2,4,3,2,3,4,4,3,2,4,4,3,2,4,4,4,4,2,5,2,4,4,4,4,4,4,4,4,3,4,4,4,4,2,2,4,4
21,1,1,1,2,5,5,3,3,4,3,5,5,5,1,5,5,5,2,3,5,5,2,2,5,5,5,1,2,5,5,4,4,5,5,5,4,5,5,5,5,5,5,5,5,5,5,4
19,2,3,2,3,4,5,2,2,5,2,1,4,5,4,1,1,2,1,4,2,3,1,5,1,3,3,2,1,1,2,4,5,5,2,3,4,4,5,5,1,5,4,2,1,4,5,5
20,2,1,1,6,5,2,3,5,4,4,2,4,1,4,1,3,5,5,4,3,4,3,1,4,4,4,5,2,5,5,4,3,5,4,4,3,4,4,3,5,5,1,2,1,1,1,4
23,3,7,1,3,5,4,5,5,2,3,2,3,4,4,4,3,5,3,3,4,5,2,2,5,5,3,5,1,5,5,4,2,5,2,4,3,4,2,3,4,5,2,2,2,2,2,1
19,1,6,1,3,2,2,5,5,3,3,3,4,4,1,2,2,4,2,2,1,4,4,3,4,5,3,5,4,5,4,2,2,4,1,3,1,3,4,4,4,3,1,1,1,1,1,1
18,1,1,1,6,5,4,5,5,5,5,1,4,5,2,2,3,5,2,2,5,4,3,2,5,5,4,1,2,5,5,4,1,4,4,4,2,4,5,4,4,4,1,1,2,1,4,2
21,1,1,1,1,2,2,1,1,2,2,2,2,2,1,2,2,4,4,3,4,4,4,2,4,3,5,5,5,5,5,2,2,4,1,2,2,4,4,3,4,4,1,2,1,1,1,2
22,2,1,1,6,4,2,2,5,5,1,1,1,3,1,1,1,5,3,5,3,5,5,5,4,5,5,5,1,2,1,1,1,5,1,2,1,1,5,2,4,2,1,1,2,1,1,1
23,3,7,1,4,5,2,5,5,4,2,4,3,2,4,5,3,5,2,4,5,3,2,2,3,5,3,5,2,5,5,4,2,2,1,4,2,4,2,4,5,5,2,2,2,1,2,1
19,1,1,1,5,4,4,4,4,4,4,4,4,4,4,1,5,2,4,2,1,5,3,5,5,4,4,5,5,5,5,2,2,2,2,2,2,4,2,2,4,4,1,1,1,1,1,1
20,1,1,1,1,5,4,4,3,5,4,4,5,5,5,4,1,1,1,2,2,2,2,2,5,5,5,5,1,5,5,5,5,5,5,5,5,1,5,5,5,5,4,5,5,5,5,5
18,2,3,2,5,4,3,4,4,4,3,1,5,4,3,5,4,5,5,4,5,3,4,1,4,4,3,2,3,5,5,3,4,3,2,4,4,5,4,5,5,3,4,4,4,2,4,5
19,1,6,1,2,3,4,4,3,3,3,2,4,3,1,3,2,5,4,4,3,3,3,2,2,3,5,5,5,5,5,2,3,3,3,3,3,3,3,3,3,3,3,4,3,2,3,3
22,1,1,1,4,5,5,1,5,4,4,4,5,1,1,4,5,5,5,1,5,5,2,2,2,5,5,1,2,5,5,1,1,4,4,2,2,5,5,4,5,4,1,1,4,4,4,1
21,1,6,1,3,4,4,2,2,4,2,4,4,4,2,5,4,5,5,5,5,2,2,1,2,5,2,5,2,5,3,4,4,4,2,4,4,2,5,4,5,5,3,4,3,3,3,4
38,1,1,1,3,4,4,4,2,4,4,2,3,2,4,4,2,5,2,2,2,2,3,4,2,4,4,4,4,4,5,4,4,4,4,4,4,4,4,4,4,4,2,2,2,2,3,4
21,1,6,1,3,4,4,3,3,4,4,4,4,5,5,4,4,5,5,4,4,2,3,2,2,5,5,5,2,5,5,4,4,3,2,4,4,2,4,4,4,4,3,3,3,3,3,3
22,1,1,1,2,5,5,5,5,5,NA,5,5,5,5,5,5,5,5,5,5,5,2,5,3,5,1,3,3,3,5,5,5,5,5,5,5,5,5,5,5,5,1,5,5,3,5,5
19,1,7,1,5,3,5,4,4,2,4,4,2,4,1,3,3,4,3,3,5,5,5,4,5,5,4,3,5,5,5,2,1,4,3,5,2,1,2,3,3,3,3,3,3,3,3,3
21,1,7,1,1,4,3,1,1,1,3,4,4,2,1,1,3,1,1,4,5,3,3,2,3,1,3,5,3,3,5,3,1,3,3,3,3,3,1,1,1,1,1,1,1,1,1,1
20,1,2,1,3,1,3,3,3,3,3,2,3,3,2,2,2,2,2,2,2,5,4,3,5,5,5,5,4,5,5,1,2,5,4,3,3,3,3,3,4,5,3,5,3,3,3,3
19,1,1,1,2,5,4,5,5,5,5,5,5,5,5,5,4,5,3,4,5,2,1,1,4,5,4,1,1,4,5,1,2,5,5,5,2,3,4,4,5,3,4,4,4,3,4,1
19,1,1,1,4,4,4,1,1,3,5,5,4,1,2,1,1,3,1,1,1,5,4,2,4,2,3,5,3,3,5,3,2,2,2,2,2,4,3,2,5,2,3,2,1,1,1,2
19,1,3,1,5,3,4,4,4,4,3,4,4,2,1,3,3,5,5,4,2,5,4,2,5,5,2,5,5,5,5,3,2,4,2,3,4,4,4,4,4,4,2,2,2,3,3,3
18,2,7,1,3,3,3,3,3,3,3,3,3,3,3,3,3,3,3,3,3,3,3,3,3,3,3,3,3,3,3,3,3,3,3,3,3,3,3,3,3,3,3,3,3,3,3,3
19,1,1,1,3,5,2,5,5,5,2,5,5,5,5,3,3,2,4,5,5,4,3,5,4,5,5,4,5,5,5,4,4,5,2,4,4,2,5,4,5,5,2,2,1,1,3,3
21,1,7,1,3,2,4,2,2,5,5,5,5,5,3,3,1,5,3,3,3,2,5,2,4,5,3,5,5,5,5,4,2,4,5,5,5,2,5,5,5,5,4,5,5,4,4,2
20,1,2,1,3,3,3,3,2,1,3,2,3,4,3,2,1,1,1,1,1,5,3,3,5,5,5,5,3,5,5,2,2,4,4,3,3,3,4,3,4,5,3,5,3,3,3,3
18,1,3,2,4,4,5,1,3,4,5,4,5,3,2,5,3,5,2,3,4,5,2,5,5,5,5,4,3,5,4,1,1,4,3,5,2,5,4,2,5,5,3,1,4,3,3,4
18,1,1,1,6,5,1,4,4,4,5,5,5,5,2,3,2,5,3,3,5,3,4,1,5,5,1,5,2,5,3,5,4,5,3,5,3,4,5,5,5,5,3,5,5,3,5,4
21,2,1,1,4,4,3,4,4,2,4,2,4,4,2,2,4,4,2,3,4,4,4,2,4,4,3,4,5,5,5,4,3,4,5,4,4,4,4,4,3,4,3,4,3,3,4,3
47,1,1,1,4,5,4,2,5,5,5,4,2,3,4,5,2,4,4,5,3,1,3,4,1,5,3,3,2,4,3,4,5,1,4,5,5,4,3,3,3,4,1,5,5,4,2,3
30,2,2,1,4,5,4,5,5,4,5,5,5,4,5,5,5,4,5,5,4,1,1,1,2,5,1,2,4,5,5,5,4,5,4,5,5,4,5,5,4,5,5,4,5,5,4,5
46,2,1,1,5,4,5,1,4,2,3,5,5,5,4,5,5,4,2,4,3,1,3,2,2,4,1,1,4,1,3,3,5,3,4,5,4,5,4,5,3,5,4,2,4,5,4,5
30,2,6,2,3,5,4,5,5,5,4,4,4,5,4,4,5,4,5,4,4,2,1,5,2,4,2,1,1,2,1,4,5,4,5,4,4,5,4,4,5,4,5,5,4,4,4,5
32,2,4,1,2,4,4,4,4,4,4,2,4,4,4,4,2,4,4,3,4,2,2,2,2,4,4,2,3,4,3,4,4,4,3,3,4,3,4,4,4,4,3,3,4,4,3,4
22,2,4,1,2,5,4,3,5,3,5,4,5,3,5,5,4,3,5,3,5,1,3,1,2,3,1,1,3,4,5,5,4,3,5,4,5,4,3,4,5,4,5,3,5,4,5,4
25,2,1,1,3,3,3,4,2,3,2,4,4,2,3,4,2,4,2,2,4,4,3,3,3,4,4,4,3,2,3,4,2,4,3,4,3,4,4,3,4,2,3,4,2,4,3,4
32,2,1,1,4,1,1,2,3,3,3,4,3,3,4,2,3,3,3,1,1,4,4,4,3,4,3,4,2,2,3,3,2,1,2,1,1,1,2,2,1,3,2,3,3,3,4,5
28,2,6,1,3,4,4,5,4,4,5,4,4,5,4,4,4,5,5,4,4,2,2,1,2,4,1,2,4,5,4,4,5,4,4,4,5,4,5,4,4,4,4,4,5,4,4,4
28,2,1,1,4,5,5,5,5,5,5,5,4,5,5,4,3,3,5,4,5,1,2,1,1,5,1,1,3,5,5,5,5,5,3,5,4,5,5,4,4,5,4,5,5,3,4,5
38,2,6,2,5,3,4,4,4,3,4,4,3,4,4,5,4,3,4,4,3,2,2,3,3,4,3,2,5,5,5,4,3,4,4,3,4,4,4,5,4,4,4,4,3,4,3,4
32,1,1,1,3,1,1,1,1,1,1,1,1,1,1,1,1,1,1,1,1,5,5,5,5,1,5,5,1,1,1,3,2,1,1,1,1,1,1,1,1,1,1,1,1,1,1,1
30,2,3,1,1,4,5,4,3,3,4,4,2,2,5,4,4,3,3,5,2,1,2,2,NA,NA,NA,NA,NA,NA,NA,3,3,4,4,5,3,3,4,2,5,4,NA,2,5,2,3,4
35,1,1,1,5,5,5,5,5,5,5,5,5,5,5,5,5,5,5,5,5,1,1,1,1,5,1,1,5,5,5,5,5,5,5,5,5,5,5,5,5,5,5,5,5,5,5,5
32,2,2,1,4,4,5,4,5,4,5,5,4,5,4,5,4,4,4,5,4,1,1,2,2,4,1,1,5,4,5,4,5,4,5,4,5,4,5,4,4,5,4,5,4,5,5,4
58,2,1,1,3,4,3,4,3,3,4,3,1,3,2,4,5,4,2,3,5,3,4,5,3,3,1,3,1,1,3,4,5,2,2,3,4,3,5,3,3,2,3,2,1,4,3,1
31,2,1,2,2,2,4,2,2,3,3,2,2,4,4,3,2,2,3,2,3,3,3,4,3,4,4,4,4,2,2,2,3,4,3,4,4,3,4,3,3,3,4,4,4,3,3,3
62,1,2,1,2,5,5,4,3,4,4,2,2,1,3,3,3,3,3,4,5,2,3,3,1,1,4,1,4,3,3,4,1,4,3,4,4,4,4,4,4,5,5,4,4,3,4,3
30,2,2,1,4,4,5,5,4,4,5,5,4,5,4,5,4,5,4,5,5,1,1,1,2,5,2,2,5,5,4,5,5,4,4,5,5,4,5,5,5,4,5,5,4,5,5,5
20,1,1,1,2,4,2,4,5,4,4,4,4,2,4,4,4,5,4,4,4,3,1,2,2,4,2,2,2,4,2,4,4,2,5,4,4,5,4,5,4,5,4,5,4,5,4,4
43,1,1,1,5,5,4,4,3,4,5,4,4,5,4,4,4,4,3,3,5,2,1,3,2,5,2,1,4,4,4,4,3,4,4,4,5,4,4,5,5,4,4,3,5,4,4,4
36,2,1,2,6,5,4,5,5,4,4,5,5,2,5,4,1,5,5,4,2,5,1,5,5,5,3,5,1,5,1,4,4,5,4,5,4,3,5,5,4,5,4,5,4,4,5,4
19,1,1,1,2,4,5,4,5,4,4,4,4,4,5,5,5,5,4,5,4,NA,2,2,2,5,2,1,2,4,2,4,4,4,4,5,4,4,5,4,4,4,4,4,4,5,4,4
26,2,1,1,2,4,4,4,4,4,4,4,4,4,4,4,4,4,4,4,4,2,2,2,2,4,2,2,2,2,2,4,4,4,4,4,4,4,4,4,4,4,4,4,4,4,4,4
53,1,1,1,3,4,4,4,4,4,5,4,4,5,5,4,4,3,5,5,3,2,1,2,1,4,1,3,5,4,5,4,4,4,4,4,5,4,4,5,4,4,4,5,5,4,4,5
26,1,1,1,3,1,3,3,3,3,3,2,3,3,3,3,2,3,3,3,3,3,3,4,1,3,3,4,3,4,2,3,3,5,4,4,2,3,2,3,3,3,3,2,3,2,2,3
35,1,6,2,3,4,5,4,5,4,5,4,4,5,4,4,5,4,5,4,5,2,1,2,2,4,2,1,4,5,4,4,5,4,5,4,5,4,4,5,5,4,5,4,5,4,4,4
26,2,1,1,2,5,5,4,5,4,5,4,5,5,5,5,4,5,5,4,4,2,2,2,2,5,2,2,5,4,5,5,5,4,4,5,4,4,4,4,5,5,5,4,5,5,4,5
35,2,6,2,4,5,4,4,5,4,5,4,5,4,4,5,4,5,4,5,4,1,2,1,2,4,1,2,5,4,5,5,4,5,4,5,4,4,5,4,5,4,5,4,4,5,4,5
32,2,2,1,4,5,5,4,5,5,5,4,5,4,5,4,5,5,4,5,4,1,1,1,1,5,1,2,5,4,5,5,4,5,4,5,4,4,5,4,5,4,5,4,5,4,4,5
30,2,2,1,4,5,5,1,4,5,5,1,5,5,4,5,5,5,4,5,5,2,3,4,4,5,4,5,3,5,5,4,5,4,4,5,3,3,5,4,5,5,2,2,5,4,2,4
28,2,1,1,2,3,3,2,2,3,4,4,3,3,2,3,4,3,3,2,4,4,2,2,4,2,2,3,4,3,3,3,3,2,2,1,2,2,3,1,3,3,2,2,3,3,3,3
29,2,1,1,3,2,4,2,2,2,2,2,3,4,2,1,1,2,4,4,3,4,3,3,2,4,5,4,1,5,2,4,4,4,3,4,4,4,5,4,4,5,2,4,4,3,4,3
24,2,1,1,3,5,5,5,5,5,5,5,5,5,4,5,5,5,5,5,5,2,1,4,1,5,5,5,5,5,5,5,5,5,5,5,2,5,5,5,5,5,5,2,5,5,5,5
28,2,6,1,3,4,5,4,4,5,4,4,5,4,4,4,NA,5,4,4,4,1,2,2,2,5,2,2,4,5,3,4,4,4,5,4,5,4,5,4,4,5,4,5,4,5,4,4
29,1,6,1,2,5,4,2,2,4,4,2,3,4,4,3,4,5,4,2,4,4,2,5,4,4,5,4,1,4,2,4,2,5,4,4,4,2,4,5,5,5,4,2,2,4,3,4
34,1,6,2,4,5,4,5,5,4,5,4,5,4,5,4,5,5,5,4,5,2,2,1,2,5,2,2,5,4,4,5,4,5,4,4,5,4,4,5,5,4,4,5,4,5,4,5
23,2,4,1,2,4,5,4,4,5,5,3,4,3,5,5,4,5,5,4,4,1,2,2,1,4,1,2,4,4,4,5,4,3,4,5,5,3,5,4,4,5,4,4,5,4,4,4
36,2,1,1,2,5,2,1,1,2,4,3,4,5,5,5,4,5,5,4,4,2,3,3,2,5,2,3,4,4,5,4,3,3,4,4,5,3,4,4,5,4,3,4,4,3,4,5
24,1,6,1,5,4,5,3,4,5,4,5,4,3,5,5,4,4,5,4,5,2,2,2,2,5,2,1,2,4,4,4,5,4,5,4,5,5,4,5,4,5,5,5,4,5,5,5
35,2,1,1,5,5,5,4,5,5,5,5,5,4,5,5,5,5,5,5,4,1,1,1,1,5,1,1,5,5,4,5,5,5,5,4,5,5,5,5,5,5,5,4,5,5,5,5
25,1,1,1,4,4,4,3,3,4,5,3,2,5,4,4,4,4,4,5,5,2,2,3,1,3,4,4,3,5,3,4,4,2,4,4,4,5,5,4,4,4,4,3,3,3,2,4
33,1,1,1,5,4,5,4,4,3,4,3,3,3,4,3,3,3,4,4,5,2,3,1,2,3,2,3,3,3,4,5,4,3,3,5,4,4,4,4,5,5,3,4,3,3,2,5
25,2,1,1,4,5,5,5,5,5,4,4,3,5,5,3,5,5,5,5,5,2,2,5,5,5,5,1,5,5,5,3,5,2,5,2,5,4,5,2,5,5,4,5,5,1,2,4
29,2,6,2,4,5,4,3,2,2,3,3,5,2,3,3,4,4,3,5,3,1,2,3,1,4,3,1,4,3,5,4,5,3,5,4,3,5,4,3,5,3,4,5,4,5,3,3
37,1,6,2,3,5,4,5,3,4,1,2,2,3,1,3,3,2,2,2,1,5,4,4,4,4,3,4,3,2,1,3,4,4,4,3,5,4,5,4,5,5,4,3,4,5,4,3
32,2,2,1,4,5,4,5,5,4,5,4,4,5,4,4,4,5,4,5,3,3,1,2,1,4,2,1,5,4,5,4,4,4,5,5,5,4,5,4,5,4,5,4,5,4,5,4
30,2,1,1,4,1,4,2,2,5,4,3,3,4,1,2,2,3,2,5,4,5,2,3,5,2,3,1,3,2,5,1,2,2,2,1,3,4,3,1,5,3,3,3,5,3,4,4
29,2,6,1,1,4,5,4,5,5,5,4,5,4,5,4,4,4,4,4,4,1,2,1,2,4,2,1,4,5,4,5,4,5,5,4,5,4,5,4,5,4,4,5,4,5,4,4
32,2,3,1,3,5,5,5,5,5,4,5,5,5,5,5,5,5,5,4,4,1,1,1,1,4,1,1,4,5,4,4,5,5,5,5,4,5,4,5,5,4,4,5,5,4,5,5
36,2,7,1,5,5,3,4,5,4,5,2,5,3,4,4,5,3,5,5,5,3,1,2,2,5,1,3,5,4,5,5,3,4,4,3,5,4,5,4,5,4,5,4,3,5,4,4
32,2,6,1,4,3,4,5,3,4,3,3,4,4,3,3,4,4,3,4,5,3,2,3,2,4,2,2,5,4,3,5,3,4,4,4,5,4,5,5,5,5,4,5,3,5,3,5
32,2,1,1,4,2,3,3,3,3,3,2,3,4,3,2,4,4,3,5,2,2,3,2,4,4,4,2,4,4,4,4,3,2,3,2,3,2,4,3,3,1,4,1,3,4,4,2
27,2,1,1,5,4,4,4,3,4,4,3,4,4,4,3,3,4,4,4,4,3,2,3,2,4,3,2,4,5,3,4,3,4,3,3,4,4,4,4,5,4,4,4,4,3,4,4
34,2,1,1,4,5,4,5,5,5,4,5,5,1,5,5,5,5,5,2,5,1,1,1,1,5,2,1,4,1,1,1,1,2,1,4,1,4,5,5,5,5,NA,NA,NA,5,5,4
33,2,1,1,1,4,5,5,5,4,4,4,4,3,5,4,4,4,5,4,4,2,1,2,2,5,2,2,4,4,5,4,4,4,5,4,5,4,4,4,5,5,5,5,5,5,5,5
30,2,6,2,2,3,4,4,3,4,4,3,4,4,4,3,3,4,5,3,4,1,3,2,2,4,2,2,4,4,5,4,3,4,3,4,3,4,3,3,4,3,3,4,3,4,3,4
32,2,3,2,2,3,3,3,2,4,4,NA,3,4,3,3,4,3,3,4,3,3,3,3,4,3,3,3,4,3,3,3,4,3,4,3,4,3,4,3,3,3,3,4,3,3,3,3
28,2,6,1,3,5,5,4,5,5,4,4,4,5,4,4,4,5,4,4,4,2,2,3,2,4,2,2,4,5,4,5,4,4,5,4,4,4,5,4,5,4,4,4,4,4,4,4
25,2,6,1,2,4,4,4,5,4,2,4,5,5,4,2,4,5,2,4,5,1,1,2,2,5,5,2,2,4,1,3,5,4,2,4,5,4,4,5,2,4,5,4,4,5,4,5
30,2,1,1,4,4,3,3,5,4,4,4,5,4,4,4,4,4,4,4,4,2,2,2,2,4,2,2,5,4,4,4,2,3,4,3,4,3,4,5,5,5,2,4,5,4,4,5
28,2,6,1,1,4,5,4,5,4,4,5,5,4,5,5,4,5,5,4,4,1,1,2,1,4,1,2,5,4,5,4,5,4,5,5,4,5,4,5,4,5,4,5,4,5,4,5
24,1,6,1,5,4,5,5,4,5,5,4,5,5,4,4,3,4,5,4,4,3,3,5,3,5,1,2,5,3,5,4,5,4,4,5,4,4,5,4,5,5,4,4,4,5,4,5
32,2,2,1,3,4,5,4,4,5,4,4,4,5,5,4,5,4,5,4,5,2,2,1,2,5,3,2,3,4,5,4,5,4,5,3,4,4,5,4,4,3,5,5,2,5,3,4
28,2,6,1,2,5,4,5,4,5,5,4,5,4,5,4,5,4,5,5,4,1,2,1,2,5,2,1,4,4,5,5,4,5,4,5,4,5,4,5,4,5,4,5,4,5,4,5
23,1,6,1,4,4,4,4,4,4,5,3,4,4,2,3,3,4,4,4,5,3,2,2,2,3,1,2,4,5,4,3,5,4,5,4,5,4,4,4,5,5,4,4,5,4,4,5
50,1,1,1,4,4,5,4,4,5,4,4,5,1,4,5,2,5,4,1,5,4,1,4,4,5,2,1,5,2,2,2,4,4,4,2,5,4,5,5,4,4,4,5,4,4,5,5
24,2,1,1,2,4,4,5,5,NA,4,5,4,5,5,5,5,5,4,4,5,2,1,2,2,5,2,2,2,2,2,4,4,2,2,4,5,4,5,5,5,2,4,4,4,3,2,4
25,2,6,1,4,4,4,4,4,4,4,5,5,5,5,4,4,4,4,4,5,1,1,1,2,4,2,2,4,4,4,5,5,5,5,5,4,4,4,4,4,5,5,5,5,4,4,4
28,1,6,1,2,4,5,4,5,5,4,5,4,5,4,5,4,5,4,5,4,1,2,1,1,4,1,2,5,4,4,5,4,5,4,5,4,5,4,5,4,5,4,5,4,5,4,5
43,1,2,1,4,3,4,5,3,2,4,5,3,4,4,3,4,4,4,3,5,3,1,3,1,4,3,2,2,4,3,3,5,5,3,4,4,5,5,2,3,3,4,4,5,4,3,2
35,2,1,1,4,4,5,4,5,4,5,3,5,3,5,3,5,3,4,4,5,2,2,5,2,5,3,3,4,5,4,5,4,5,4,5,3,3,5,5,5,5,3,4,5,4,5,5
30,2,1,1,4,4,5,4,4,4,4,4,4,5,4,4,3,4,5,4,4,1,2,2,2,4,3,2,4,4,1,4,4,5,4,5,4,5,5,4,5,4,5,4,5,5,5,4
45,1,6,2,3,4,3,5,3,3,5,4,3,5,3,4,3,4,5,3,4,2,1,2,2,3,2,3,3,4,5,5,3,4,3,3,4,4,5,3,4,5,3,5,4,3,4,3
25,1,3,1,5,4,5,4,4,4,4,4,4,4,4,4,5,5,4,5,4,2,2,2,2,5,2,2,5,4,5,4,5,5,5,4,4,5,4,5,5,5,5,5,5,5,5,4
25,1,1,1,4,5,5,5,5,4,5,4,3,4,5,4,5,3,4,5,4,2,1,1,1,3,2,2,4,5,4,4,4,3,4,4,3,4,4,3,4,3,4,3,4,5,4,3
25,1,1,1,4,5,4,4,4,3,3,4,4,2,4,2,3,3,3,4,5,2,1,3,1,5,2,3,2,3,2,4,5,4,2,4,4,5,4,5,3,3,5,3,1,2,1,4
25,2,1,1,2,2,1,1,2,2,2,3,1,1,2,2,1,3,2,2,1,5,4,5,1,3,3,5,1,2,3,3,3,1,2,1,2,1,1,1,1,4,4,4,4,2,4,4
34,2,6,1,1,5,4,2,2,4,5,1,4,4,1,2,4,5,5,5,5,4,1,2,4,5,5,4,5,4,5,5,5,4,2,5,5,5,5,5,5,5,4,5,5,4,5,5
25,2,1,1,4,3,2,4,4,4,2,4,3,3,3,3,4,4,5,4,3,4,4,4,4,4,4,4,5,5,5,3,3,3,3,3,3,4,4,4,4,4,3,4,4,2,4,3
30,2,1,1,5,4,4,5,5,3,3,4,3,5,4,4,5,5,3,4,5,3,2,1,3,5,2,2,5,5,4,5,3,5,4,4,5,3,4,5,4,5,5,4,5,4,5,3
24,1,6,1,5,4,5,4,5,3,5,5,4,4,5,4,5,4,5,3,4,1,2,1,2,5,3,1,5,3,4,5,4,4,5,5,3,4,5,2,4,5,5,4,5,4,5,2
25,2,1,2,2,5,2,4,3,2,5,5,4,2,3,1,4,1,5,5,2,2,2,4,3,5,5,5,1,5,5,2,2,5,5,5,4,5,5,3,4,4,2,4,1,1,4,5
35,2,6,1,5,4,5,5,4,5,3,5,5,5,5,5,5,4,5,5,5,1,2,1,1,5,1,1,5,5,5,5,5,4,5,5,5,5,5,5,5,5,5,5,5,5,5,5
27,1,6,1,3,5,4,4,1,2,4,2,4,5,4,2,5,4,1,2,4,1,2,4,4,5,4,2,5,5,2,5,2,5,4,4,4,2,5,4,4,5,1,2,4,2,2,4
28,1,6,1,2,5,4,5,4,5,4,5,4,5,4,5,4,4,5,5,4,1,2,2,2,4,1,2,5,4,5,5,4,5,4,5,4,5,3,5,4,5,4,5,4,5,4,5
33,1,1,1,5,5,5,3,3,5,4,4,3,4,4,5,3,3,4,5,3,1,1,3,3,4,2,2,4,3,3,3,3,4,4,4,2,4,3,5,3,4,3,5,3,3,5,4
30,1,2,1,5,5,5,4,4,5,5,5,5,5,4,4,5,5,5,5,5,1,1,1,2,5,1,2,4,4,5,5,5,5,5,5,5,5,5,5,5,5,5,5,5,5,5,5
43,1,1,1,5,5,5,4,5,4,5,5,5,5,5,5,4,5,4,5,5,2,1,1,1,4,1,2,5,4,5,5,5,4,5,5,5,5,5,4,5,5,5,4,4,5,5,5
27,2,2,1,4,4,4,3,4,5,3,5,3,4,3,5,5,5,4,4,3,5,1,5,5,5,5,3,2,5,5,1,4,5,3,5,4,1,5,4,5,5,3,5,4,1,4,5
30,2,1,1,1,4,4,3,2,5,4,4,4,4,4,5,5,4,5,3,4,4,2,4,4,4,5,5,5,4,5,4,3,4,4,4,4,2,4,4,5,4,2,4,4,2,2,4
31,2,1,1,2,3,5,4,3,4,4,4,4,4,3,4,4,5,3,5,4,3,2,3,1,3,2,1,3,5,3,4,4,4,3,4,4,5,5,4,3,3,4,5,4,4,4,4
22,2,6,2,1,5,5,1,1,1,4,1,4,1,1,1,3,5,4,5,1,5,2,5,5,5,5,5,1,5,1,1,1,3,2,3,4,4,5,4,5,5,5,4,3,5,4,5
22,2,1,1,4,5,4,5,4,5,5,5,5,4,5,4,5,5,5,5,4,1,1,1,2,5,2,2,5,4,4,5,5,4,5,5,5,2,5,5,5,5,4,2,5,4,5,5
25,1,3,1,5,4,5,5,4,4,4,4,4,4,5,4,4,4,4,4,4,2,2,2,2,4,2,2,4,4,4,4,5,5,5,4,4,4,4,5,5,5,5,5,5,5,5,4
24,2,1,1,2,5,5,4,5,5,5,4,4,4,4,5,4,4,5,4,5,1,2,1,1,4,2,2,2,2,2,4,4,4,5,4,5,4,5,3,4,5,5,5,4,4,5,4
28,1,6,1,2,4,4,4,5,4,4,4,5,4,4,4,4,4,5,4,4,1,2,2,2,4,1,2,4,4,5,4,4,4,4,5,4,5,4,5,4,5,4,5,4,5,4,5
33,2,6,1,1,5,2,3,4,4,4,3,5,4,3,5,5,3,3,5,3,3,1,2,2,3,2,3,3,3,4,3,3,2,4,4,3,4,2,3,4,4,3,3,4,2,4,3
26,1,1,1,5,4,4,4,4,4,2,4,4,4,4,2,2,4,4,3,3,3,3,4,2,4,4,2,2,2,2,2,2,2,2,2,3,4,4,3,4,4,2,3,2,2,2,4
28,1,6,1,1,4,5,5,4,4,4,5,4,4,5,5,4,4,5,4,4,1,2,2,1,4,1,1,4,5,4,5,5,5,5,4,5,5,4,5,4,5,4,5,4,5,4,5
31,2,1,1,4,4,4,4,4,4,4,4,4,5,4,4,2,4,4,4,4,4,2,4,4,5,4,4,4,4,4,4,4,4,4,4,4,2,4,4,4,4,4,4,4,4,4,4
31,1,1,1,4,4,5,2,5,4,5,3,4,5,3,5,4,5,3,5,3,1,3,1,1,4,1,3,5,4,4,4,5,2,5,4,5,3,5,4,5,3,5,4,5,3,5,4
45,2,1,1,1,4,5,4,4,5,4,4,5,4,4,5,4,5,4,5,5,2,2,2,1,4,2,1,4,4,3,4,5,4,4,5,4,4,5,5,5,5,4,4,5,5,4,4
27,2,6,1,5,5,5,5,5,5,5,4,5,5,4,5,5,5,5,5,5,1,1,2,4,5,4,2,1,1,1,5,5,5,5,5,5,5,5,5,5,5,5,5,5,4,4,4
30,2,6,1,1,4,5,3,2,5,4,4,3,5,5,4,2,5,3,5,4,2,2,1,3,3,2,4,3,1,4,5,5,3,5,4,3,2,4,4,NA,2,2,3,2,5,4,3
34,2,6,1,1,5,4,1,1,4,5,1,5,2,2,3,4,5,4,5,5,5,2,2,4,4,5,4,5,5,5,5,5,4,5,5,4,4,4,5,5,5,2,4,5,3,4,4
23,2,2,1,4,4,5,3,5,5,3,5,4,4,3,5,5,5,4,4,3,5,5,5,5,5,5,2,3,5,5,4,4,4,5,5,4,2,4,5,5,5,3,4,4,3,3,4
25,2,6,1,4,4,4,4,4,4,4,4,4,4,4,4,4,4,4,4,5,1,1,1,1,5,1,1,5,5,5,5,5,5,5,5,5,5,5,5,5,5,5,5,5,5,5,5
20,2,1,1,2,5,5,5,2,5,1,2,5,4,1,1,3,5,5,4,5,3,5,5,5,5,5,5,5,5,5,4,4,5,4,4,5,3,5,4,5,5,4,4,4,1,4,4
31,2,1,1,3,4,4,4,4,4,4,4,4,4,4,5,2,4,4,4,4,2,2,4,4,4,4,4,4,4,4,4,4,4,4,4,4,4,5,4,4,4,4,4,4,4,4,4
28,1,6,1,4,3,4,3,4,3,4,4,3,3,5,3,3,4,4,5,4,2,2,4,2,4,2,3,2,3,2,3,3,5,4,3,3,4,3,3,4,3,3,4,4,3,3,4
26,1,6,2,6,3,4,4,4,4,5,4,5,5,4,4,4,5,5,4,4,2,3,4,2,4,4,3,5,5,5,4,4,4,4,4,4,4,5,5,5,5,4,5,4,3,4,4
32,2,2,1,4,3,4,4,5,4,4,5,4,5,3,3,5,4,5,4,4,1,2,2,2,4,1,4,4,5,4,4,5,4,4,3,5,5,4,2,4,5,4,5,4,5,3,4
24,2,1,1,3,4,4,4,4,4,4,4,4,4,4,4,2,4,4,4,4,4,2,4,4,4,4,4,4,4,4,4,4,4,4,4,4,4,4,4,4,4,5,4,4,4,4,4
28,1,1,1,5,3,2,3,1,1,4,3,2,2,3,3,2,2,1,2,2,5,5,3,3,3,4,3,1,3,1,3,3,3,2,3,2,1,2,3,2,1,3,3,3,3,1,3
33,2,1,2,2,5,5,2,2,4,5,2,4,5,2,5,5,2,4,5,3,5,2,5,3,5,1,5,3,5,5,3,2,4,1,4,4,2,4,4,4,5,4,3,4,2,5,4
29,1,1,1,3,3,2,3,2,3,2,3,4,3,1,3,2,2,3,1,1,4,3,2,4,4,4,3,4,2,3,2,5,4,3,2,4,4,3,2,5,4,2,4,3,2,3,4
23,2,1,1,1,5,5,3,5,4,1,2,5,1,4,4,4,5,5,4,4,2,1,3,3,4,2,2,4,1,4,5,4,1,4,4,3,5,4,4,5,5,5,4,4,3,4,4
33,2,3,2,3,2,3,3,5,1,1,5,4,5,1,4,4,5,4,4,4,1,2,4,3,4,2,4,2,5,5,2,2,3,2,4,3,4,3,4,4,4,4,4,3,3,3,3
25,2,3,1,3,5,5,5,5,5,5,5,5,4,5,5,5,5,5,5,5,1,1,5,5,5,5,5,5,5,5,5,1,5,5,5,5,4,5,5,5,5,5,5,5,5,5,5
28,2,6,1,1,4,5,4,3,4,3,3,4,5,4,4,3,4,4,4,4,2,1,3,2,3,2,3,4,4,3,4,4,3,4,4,3,4,5,4,4,4,5,4,4,4,4,4
28,1,6,1,1,4,4,4,3,3,3,4,4,3,3,4,3,3,3,3,3,3,3,3,3,3,3,3,3,3,3,3,3,3,3,3,3,4,3,4,4,3,3,4,2,3,3,3
25,1,3,1,4,4,5,5,4,4,4,4,4,4,5,4,4,4,4,4,4,2,2,2,2,4,2,2,4,4,4,4,5,5,5,4,4,4,4,5,5,5,5,5,5,5,5,4
28,1,6,1,1,4,4,4,4,4,4,4,4,5,4,5,4,4,5,4,5,2,2,2,1,5,2,2,4,4,3,4,4,4,4,4,4,4,4,5,4,5,4,5,4,5,4,5
25,1,3,1,5,4,5,5,4,4,4,4,4,4,5,4,4,4,4,4,4,2,2,2,2,4,2,2,4,4,4,4,5,5,5,4,4,4,4,5,5,5,5,5,5,5,5,4
25,1,3,1,5,4,5,5,4,4,4,4,4,4,5,4,4,4,4,4,4,2,2,2,2,4,2,2,4,4,4,4,5,5,5,4,4,4,4,5,5,5,4,5,5,5,5,4
25,2,1,1,3,3,3,4,5,5,5,5,5,5,5,5,4,3,3,5,5,1,1,1,2,4,4,1,5,5,5,3,3,3,2,3,3,4,3,3,4,4,4,4,4,3,4,3
